LnID,DID,BLID,FLID,BNID,FNID,JCT,BLID2,BLID3,BLID4,FLID2,FLID3,FLID4,ClossID,Span,LCnt,Lno,LaneType,LimitVel,RefVel,RoadSecID,LaneChgFG
1,1,0,2,1,2,0,0,0,0,0,0,0,0,1,1,1,0,10.000,10.000,0,0
2,2,1,3,2,3,0,0,0,0,0,0,0,0,1,1,1,0,10.000,10.000,0,0
3,3,2,4,3,4,0,0,0,0,0,0,0,0,1,1,1,0,10.000,10.000,0,0
4,4,3,5,4,5,0,0,0,0,0,0,0,0,1,1,1,0,10.000,10.000,0,0
5,5,4,6,5,6,0,0,0,0,0,0,0,0,1,1,1,0,10.000,10.000,0,0
6,6,5,7,6,7,0,0,0,0,0,0,0,0,1,1,1,0,10.000,10.000,0,0
7,7,6,8,7,8,0,0,0,0,0,0,0,0,1,1,1,0,10.000,10.000,0,0
8,8,7,9,8,9,0,0,0,0,0,0,0,0,1,1,1,0,10.000,10.000,0,0
9,9,8,10,9,10,0,0,0,0,0,0,0,0,1,1,1,0,10.000,10.000,0,0
10,10,9,11,10,11,0,0,0,0,0,0,0,0,1,1,1,0,10.000,10.000,0,0
11,11,10,12,11,12,0,0,0,0,0,0,0,0,1,1,1,0,10.000,10.000,0,0
12,12,11,13,12,13,0,0,0,0,0,0,0,0,1,1,1,0,10.000,10.000,0,0
13,13,12,14,13,14,0,0,0,0,0,0,0,0,1,1,1,0,10.000,10.000,0,0
14,14,13,15,14,15,0,0,0,0,0,0,0,0,1,1,1,0,10.000,10.000,0,0
15,15,14,16,15,16,0,0,0,0,0,0,0,0,1,1,1,0,10.000,10.000,0,0
16,16,15,17,16,17,0,0,0,0,0,0,0,0,1,1,1,0,10.000,10.000,0,0
17,17,16,18,17,18,0,0,0,0,0,0,0,0,1,1,1,0,10.000,10.000,0,0
18,18,17,19,18,19,0,0,0,0,0,0,0,0,1,1,1,0,10.000,10.000,0,0
19,19,18,20,19,20,0,0,0,0,0,0,0,0,1,1,1,0,10.000,10.000,0,0
20,20,19,21,20,21,0,0,0,0,0,0,0,0,1,1,1,0,10.000,10.000,0,0
21,21,20,22,21,22,0,0,0,0,0,0,0,0,1,1,1,0,10.000,10.000,0,0
22,22,21,23,22,23,0,0,0,0,0,0,0,0,1,1,1,0,10.000,10.000,0,0
23,23,22,24,23,24,0,0,0,0,0,0,0,0,1,1,1,0,10.000,10.000,0,0
24,24,23,25,24,25,0,0,0,0,0,0,0,0,1,1,1,0,10.000,10.000,0,0
25,25,24,26,25,26,0,0,0,0,0,0,0,0,1,1,1,0,10.000,10.000,0,0
26,26,25,27,26,27,0,0,0,0,0,0,0,0,1,1,1,0,10.000,10.000,0,0
27,27,26,28,27,28,0,0,0,0,0,0,0,0,1,1,1,0,10.000,10.000,0,0
28,28,27,29,28,29,0,0,0,0,0,0,0,0,1,1,1,0,10.000,10.000,0,0
29,29,28,30,29,30,0,0,0,0,0,0,0,0,1,1,1,0,10.000,10.000,0,0
30,30,29,31,30,31,0,0,0,0,0,0,0,0,1,1,1,0,10.000,10.000,0,0
31,31,30,32,31,32,0,0,0,0,0,0,0,0,1,1,1,0,10.000,10.000,0,0
32,32,31,33,32,33,0,0,0,0,0,0,0,0,1,1,1,0,10.000,10.000,0,0
33,33,32,34,33,34,0,0,0,0,0,0,0,0,1,1,1,0,10.000,10.000,0,0
34,34,33,35,34,35,0,0,0,0,0,0,0,0,1,1,1,0,10.000,10.000,0,0
35,35,34,36,35,36,0,0,0,0,0,0,0,0,1,1,1,0,10.000,10.000,0,0
36,36,35,37,36,37,0,0,0,0,0,0,0,0,1,1,1,0,10.000,10.000,0,0
37,37,36,38,37,38,0,0,0,0,0,0,0,0,1,1,1,0,10.000,10.000,0,0
38,38,37,39,38,39,0,0,0,0,0,0,0,0,1,1,1,0,10.000,10.000,0,0
39,39,38,40,39,40,0,0,0,0,0,0,0,0,1,1,1,0,10.000,10.000,0,0
40,40,39,41,40,41,0,0,0,0,0,0,0,0,1,1,1,0,10.000,10.000,0,0
41,41,40,42,41,42,0,0,0,0,0,0,0,0,1,1,1,0,10.000,10.000,0,0
42,42,41,43,42,43,0,0,0,0,0,0,0,0,1,1,1,0,10.000,10.000,0,0
43,43,42,44,43,44,0,0,0,0,0,0,0,0,1,1,1,0,10.000,10.000,0,0
44,44,43,45,44,45,0,0,0,0,0,0,0,0,1,1,1,0,10.000,10.000,0,0
45,45,44,46,45,46,0,0,0,0,0,0,0,0,1,1,1,0,10.000,10.000,0,0
46,46,45,47,46,47,0,0,0,0,0,0,0,0,1,1,1,0,10.000,10.000,0,0
47,47,46,48,47,48,0,0,0,0,0,0,0,0,1,1,1,0,10.000,10.000,0,0
48,48,47,49,48,49,0,0,0,0,0,0,0,0,1,1,1,0,10.000,10.000,0,0
49,49,48,0,49,50,0,0,0,0,0,0,0,0,1,1,1,0,10.000,10.000,0,0
50,51,0,51,51,52,0,0,0,0,0,0,0,0,1,1,1,0,10.000,10.000,0,0
51,52,50,52,52,53,0,0,0,0,0,0,0,0,1,1,1,0,10.000,10.000,0,0
52,53,51,53,53,54,0,0,0,0,0,0,0,0,1,1,1,0,10.000,10.000,0,0
53,54,52,54,54,55,0,0,0,0,0,0,0,0,1,1,1,0,10.000,10.000,0,0
54,55,53,55,55,56,0,0,0,0,0,0,0,0,1,1,1,0,10.000,10.000,0,0
55,56,54,56,56,57,0,0,0,0,0,0,0,0,1,1,1,0,10.000,10.000,0,0
56,57,55,57,57,58,0,0,0,0,0,0,0,0,1,1,1,0,10.000,10.000,0,0
57,58,56,58,58,59,0,0,0,0,0,0,0,0,1,1,1,0,10.000,10.000,0,0
58,59,57,59,59,60,0,0,0,0,0,0,0,0,1,1,1,0,10.000,10.000,0,0
59,60,58,60,60,61,0,0,0,0,0,0,0,0,1,1,1,0,10.000,10.000,0,0
60,61,59,61,61,62,0,0,0,0,0,0,0,0,1,1,1,0,10.000,10.000,0,0
61,62,60,62,62,63,0,0,0,0,0,0,0,0,1,1,1,0,10.000,10.000,0,0
62,63,61,63,63,64,0,0,0,0,0,0,0,0,1,1,1,0,10.000,10.000,0,0
63,64,62,64,64,65,0,0,0,0,0,0,0,0,1,1,1,0,10.000,10.000,0,0
64,65,63,65,65,66,0,0,0,0,0,0,0,0,1,1,1,0,10.000,10.000,0,0
65,66,64,66,66,67,0,0,0,0,0,0,0,0,1,1,1,0,10.000,10.000,0,0
66,67,65,67,67,68,0,0,0,0,0,0,0,0,1,1,1,0,10.000,10.000,0,0
67,68,66,68,68,69,0,0,0,0,0,0,0,0,1,1,1,0,10.000,10.000,0,0
68,69,67,69,69,70,0,0,0,0,0,0,0,0,1,1,1,0,10.000,10.000,0,0
69,70,68,70,70,71,0,0,0,0,0,0,0,0,1,1,1,0,10.000,10.000,0,0
70,71,69,71,71,72,0,0,0,0,0,0,0,0,1,1,1,0,10.000,10.000,0,0
71,72,70,72,72,73,0,0,0,0,0,0,0,0,1,1,1,0,10.000,10.000,0,0
72,73,71,73,73,74,0,0,0,0,0,0,0,0,1,1,1,0,10.000,10.000,0,0
73,74,72,74,74,75,0,0,0,0,0,0,0,0,1,1,1,0,10.000,10.000,0,0
74,75,73,75,75,76,0,0,0,0,0,0,0,0,1,1,1,0,10.000,10.000,0,0
75,76,74,76,76,77,0,0,0,0,0,0,0,0,1,1,1,0,10.000,10.000,0,0
76,77,75,77,77,78,0,0,0,0,0,0,0,0,1,1,1,0,10.000,10.000,0,0
77,78,76,78,78,79,0,0,0,0,0,0,0,0,1,1,1,0,10.000,10.000,0,0
78,79,77,79,79,80,0,0,0,0,0,0,0,0,1,1,1,0,10.000,10.000,0,0
79,80,78,80,80,81,0,0,0,0,0,0,0,0,1,1,1,0,10.000,10.000,0,0
80,81,79,81,81,82,0,0,0,0,0,0,0,0,1,1,1,0,10.000,10.000,0,0
81,82,80,82,82,83,0,0,0,0,0,0,0,0,1,1,1,0,10.000,10.000,0,0
82,83,81,83,83,84,0,0,0,0,0,0,0,0,1,1,1,0,10.000,10.000,0,0
83,84,82,84,84,85,0,0,0,0,0,0,0,0,1,1,1,0,10.000,10.000,0,0
84,85,83,85,85,86,0,0,0,0,0,0,0,0,1,1,1,0,10.000,10.000,0,0
85,86,84,86,86,87,0,0,0,0,0,0,0,0,1,1,1,0,10.000,10.000,0,0
86,87,85,87,87,88,0,0,0,0,0,0,0,0,1,1,1,0,10.000,10.000,0,0
87,88,86,88,88,89,0,0,0,0,0,0,0,0,1,1,1,0,10.000,10.000,0,0
88,89,87,89,89,90,0,0,0,0,0,0,0,0,1,1,1,0,10.000,10.000,0,0
89,90,88,90,90,91,0,0,0,0,0,0,0,0,1,1,1,0,10.000,10.000,0,0
90,91,89,91,91,92,0,0,0,0,0,0,0,0,1,1,1,0,10.000,10.000,0,0
91,92,90,92,92,93,0,0,0,0,0,0,0,0,1,1,1,0,10.000,10.000,0,0
92,93,91,93,93,94,0,0,0,0,0,0,0,0,1,1,1,0,10.000,10.000,0,0
93,94,92,94,94,95,0,0,0,0,0,0,0,0,1,1,1,0,10.000,10.000,0,0
94,95,93,95,95,96,0,0,0,0,0,0,0,0,1,1,1,0,10.000,10.000,0,0
95,96,94,96,96,97,0,0,0,0,0,0,0,0,1,1,1,0,10.000,10.000,0,0
96,97,95,97,97,98,0,0,0,0,0,0,0,0,1,1,1,0,10.000,10.000,0,0
97,98,96,0,98,99,0,0,0,0,0,0,0,0,1,1,1,0,10.000,10.000,0,0
98,100,0,99,100,101,0,0,0,0,0,0,0,0,1,1,1,0,10.000,10.000,0,0
99,101,98,100,101,102,0,0,0,0,0,0,0,0,1,1,1,0,10.000,10.000,0,0
100,102,99,101,102,103,0,0,0,0,0,0,0,0,1,1,1,0,10.000,10.000,0,0
101,103,100,102,103,104,0,0,0,0,0,0,0,0,1,1,1,0,10.000,10.000,0,0
102,104,101,103,104,105,0,0,0,0,0,0,0,0,1,1,1,0,10.000,10.000,0,0
103,105,102,104,105,106,0,0,0,0,0,0,0,0,1,1,1,0,10.000,10.000,0,0
104,106,103,105,106,107,0,0,0,0,0,0,0,0,1,1,1,0,10.000,10.000,0,0
105,107,104,106,107,108,0,0,0,0,0,0,0,0,1,1,1,0,10.000,10.000,0,0
106,108,105,107,108,109,0,0,0,0,0,0,0,0,1,1,1,0,10.000,10.000,0,0
107,109,106,108,109,110,0,0,0,0,0,0,0,0,1,1,1,0,10.000,10.000,0,0
108,110,107,109,110,111,0,0,0,0,0,0,0,0,1,1,1,0,10.000,10.000,0,0
109,111,108,110,111,112,0,0,0,0,0,0,0,0,1,1,1,0,10.000,10.000,0,0
110,112,109,111,112,113,0,0,0,0,0,0,0,0,1,1,1,0,10.000,10.000,0,0
111,113,110,112,113,114,0,0,0,0,0,0,0,0,1,1,1,0,10.000,10.000,0,0
112,114,111,113,114,115,0,0,0,0,0,0,0,0,1,1,1,0,10.000,10.000,0,0
113,115,112,114,115,116,0,0,0,0,0,0,0,0,1,1,1,0,10.000,10.000,0,0
114,116,113,115,116,117,0,0,0,0,0,0,0,0,1,1,1,0,10.000,10.000,0,0
115,117,114,116,117,118,0,0,0,0,0,0,0,0,1,1,1,0,10.000,10.000,0,0
116,118,115,117,118,119,0,0,0,0,0,0,0,0,1,1,1,0,10.000,10.000,0,0
117,119,116,118,119,120,0,0,0,0,0,0,0,0,1,1,1,0,10.000,10.000,0,0
118,120,117,119,120,121,0,0,0,0,0,0,0,0,1,1,1,0,10.000,10.000,0,0
119,121,118,120,121,122,0,0,0,0,0,0,0,0,1,1,1,0,10.000,10.000,0,0
120,122,119,121,122,123,0,0,0,0,0,0,0,0,1,1,1,0,10.000,10.000,0,0
121,123,120,122,123,124,0,0,0,0,0,0,0,0,1,1,1,0,10.000,10.000,0,0
122,124,121,123,124,125,0,0,0,0,0,0,0,0,1,1,1,0,10.000,10.000,0,0
123,125,122,124,125,126,0,0,0,0,0,0,0,0,1,1,1,0,10.000,10.000,0,0
124,126,123,125,126,127,0,0,0,0,0,0,0,0,1,1,1,0,10.000,10.000,0,0
125,127,124,126,127,128,0,0,0,0,0,0,0,0,1,1,1,0,10.000,10.000,0,0
126,128,125,127,128,129,0,0,0,0,0,0,0,0,1,1,1,0,10.000,10.000,0,0
127,129,126,128,129,130,0,0,0,0,0,0,0,0,1,1,1,0,10.000,10.000,0,0
128,130,127,129,130,131,0,0,0,0,0,0,0,0,1,1,1,0,10.000,10.000,0,0
129,131,128,130,131,132,0,0,0,0,0,0,0,0,1,1,1,0,10.000,10.000,0,0
130,132,129,131,132,133,0,0,0,0,0,0,0,0,1,1,1,0,10.000,10.000,0,0
131,133,130,132,133,134,0,0,0,0,0,0,0,0,1,1,1,0,10.000,10.000,0,0
132,134,131,133,134,135,0,0,0,0,0,0,0,0,1,1,1,0,10.000,10.000,0,0
133,135,132,134,135,136,0,0,0,0,0,0,0,0,1,1,1,0,10.000,10.000,0,0
134,136,133,135,136,137,0,0,0,0,0,0,0,0,1,1,1,0,10.000,10.000,0,0
135,137,134,136,137,138,0,0,0,0,0,0,0,0,1,1,1,0,10.000,10.000,0,0
136,138,135,137,138,139,0,0,0,0,0,0,0,0,1,1,1,0,10.000,10.000,0,0
137,139,136,138,139,140,0,0,0,0,0,0,0,0,1,1,1,0,10.000,10.000,0,0
138,140,137,139,140,141,0,0,0,0,0,0,0,0,1,1,1,0,10.000,10.000,0,0
139,141,138,140,141,142,0,0,0,0,0,0,0,0,1,1,1,0,10.000,10.000,0,0
140,142,139,141,142,143,0,0,0,0,0,0,0,0,1,1,1,0,10.000,10.000,0,0
141,143,140,142,143,144,0,0,0,0,0,0,0,0,1,1,1,0,10.000,10.000,0,0
142,144,141,143,144,145,0,0,0,0,0,0,0,0,1,1,1,0,10.000,10.000,0,0
143,145,142,144,145,146,0,0,0,0,0,0,0,0,1,1,1,0,10.000,10.000,0,0
144,146,143,145,146,147,0,0,0,0,0,0,0,0,1,1,1,0,10.000,10.000,0,0
145,147,144,146,147,148,0,0,0,0,0,0,0,0,1,1,1,0,10.000,10.000,0,0
146,148,145,0,148,149,0,0,0,0,0,0,0,0,1,1,1,0,10.000,10.000,0,0
147,150,0,148,150,151,0,0,0,0,0,0,0,0,1,1,1,0,10.000,10.000,0,0
148,151,147,149,151,152,0,0,0,0,0,0,0,0,1,1,1,0,10.000,10.000,0,0
149,152,148,150,152,153,0,0,0,0,0,0,0,0,1,1,1,0,10.000,10.000,0,0
150,153,149,151,153,154,0,0,0,0,0,0,0,0,1,1,1,0,10.000,10.000,0,0
151,154,150,152,154,155,0,0,0,0,0,0,0,0,1,1,1,0,10.000,10.000,0,0
152,155,151,153,155,156,0,0,0,0,0,0,0,0,1,1,1,0,10.000,10.000,0,0
153,156,152,154,156,157,0,0,0,0,0,0,0,0,1,1,1,0,10.000,10.000,0,0
154,157,153,155,157,158,0,0,0,0,0,0,0,0,1,1,1,0,10.000,10.000,0,0
155,158,154,156,158,159,0,0,0,0,0,0,0,0,1,1,1,0,10.000,10.000,0,0
156,159,155,157,159,160,0,0,0,0,0,0,0,0,1,1,1,0,10.000,10.000,0,0
157,160,156,158,160,161,0,0,0,0,0,0,0,0,1,1,1,0,10.000,10.000,0,0
158,161,157,159,161,162,0,0,0,0,0,0,0,0,1,1,1,0,10.000,10.000,0,0
159,162,158,160,162,163,0,0,0,0,0,0,0,0,1,1,1,0,10.000,10.000,0,0
160,163,159,161,163,164,0,0,0,0,0,0,0,0,1,1,1,0,10.000,10.000,0,0
161,164,160,162,164,165,0,0,0,0,0,0,0,0,1,1,1,0,10.000,10.000,0,0
162,165,161,163,165,166,0,0,0,0,0,0,0,0,1,1,1,0,10.000,10.000,0,0
163,166,162,164,166,167,0,0,0,0,0,0,0,0,1,1,1,0,10.000,10.000,0,0
164,167,163,165,167,168,0,0,0,0,0,0,0,0,1,1,1,0,10.000,10.000,0,0
165,168,164,166,168,169,0,0,0,0,0,0,0,0,1,1,1,0,10.000,10.000,0,0
166,169,165,167,169,170,0,0,0,0,0,0,0,0,1,1,1,0,10.000,10.000,0,0
167,170,166,168,170,171,0,0,0,0,0,0,0,0,1,1,1,0,10.000,10.000,0,0
168,171,167,169,171,172,0,0,0,0,0,0,0,0,1,1,1,0,10.000,10.000,0,0
169,172,168,170,172,173,0,0,0,0,0,0,0,0,1,1,1,0,10.000,10.000,0,0
170,173,169,171,173,174,0,0,0,0,0,0,0,0,1,1,1,0,10.000,10.000,0,0
171,174,170,172,174,175,0,0,0,0,0,0,0,0,1,1,1,0,10.000,10.000,0,0
172,175,171,173,175,176,0,0,0,0,0,0,0,0,1,1,1,0,10.000,10.000,0,0
173,176,172,174,176,177,0,0,0,0,0,0,0,0,1,1,1,0,10.000,10.000,0,0
174,177,173,175,177,178,0,0,0,0,0,0,0,0,1,1,1,0,10.000,10.000,0,0
175,178,174,176,178,179,0,0,0,0,0,0,0,0,1,1,1,0,10.000,10.000,0,0
176,179,175,177,179,180,0,0,0,0,0,0,0,0,1,1,1,0,10.000,10.000,0,0
177,180,176,178,180,181,0,0,0,0,0,0,0,0,1,1,1,0,10.000,10.000,0,0
178,181,177,179,181,182,0,0,0,0,0,0,0,0,1,1,1,0,10.000,10.000,0,0
179,182,178,180,182,183,0,0,0,0,0,0,0,0,1,1,1,0,10.000,10.000,0,0
180,183,179,181,183,184,0,0,0,0,0,0,0,0,1,1,1,0,10.000,10.000,0,0
181,184,180,182,184,185,0,0,0,0,0,0,0,0,1,1,1,0,10.000,10.000,0,0
182,185,181,183,185,186,0,0,0,0,0,0,0,0,1,1,1,0,10.000,10.000,0,0
183,186,182,184,186,187,0,0,0,0,0,0,0,0,1,1,1,0,10.000,10.000,0,0
184,187,183,185,187,188,0,0,0,0,0,0,0,0,1,1,1,0,10.000,10.000,0,0
185,188,184,186,188,189,0,0,0,0,0,0,0,0,1,1,1,0,10.000,10.000,0,0
186,189,185,187,189,190,0,0,0,0,0,0,0,0,1,1,1,0,10.000,10.000,0,0
187,190,186,188,190,191,0,0,0,0,0,0,0,0,1,1,1,0,10.000,10.000,0,0
188,191,187,189,191,192,0,0,0,0,0,0,0,0,1,1,1,0,10.000,10.000,0,0
189,192,188,190,192,193,0,0,0,0,0,0,0,0,1,1,1,0,10.000,10.000,0,0
190,193,189,191,193,194,0,0,0,0,0,0,0,0,1,1,1,0,10.000,10.000,0,0
191,194,190,192,194,195,0,0,0,0,0,0,0,0,1,1,1,0,10.000,10.000,0,0
192,195,191,193,195,196,0,0,0,0,0,0,0,0,1,1,1,0,10.000,10.000,0,0
193,196,192,194,196,197,0,0,0,0,0,0,0,0,1,1,1,0,10.000,10.000,0,0
194,197,193,0,197,198,0,0,0,0,0,0,0,0,1,1,1,0,10.000,10.000,0,0
195,199,0,196,199,200,0,0,0,0,0,0,0,0,1,1,1,0,10.000,10.000,0,0
196,200,195,197,200,201,0,0,0,0,0,0,0,0,1,1,1,0,10.000,10.000,0,0
197,201,196,198,201,202,0,0,0,0,0,0,0,0,1,1,1,0,10.000,10.000,0,0
198,202,197,199,202,203,0,0,0,0,0,0,0,0,1,1,1,0,10.000,10.000,0,0
199,203,198,200,203,204,0,0,0,0,0,0,0,0,1,1,1,0,10.000,10.000,0,0
200,204,199,201,204,205,0,0,0,0,0,0,0,0,1,1,1,0,10.000,10.000,0,0
201,205,200,202,205,206,0,0,0,0,0,0,0,0,1,1,1,0,10.000,10.000,0,0
202,206,201,203,206,207,0,0,0,0,0,0,0,0,1,1,1,0,10.000,10.000,0,0
203,207,202,204,207,208,0,0,0,0,0,0,0,0,1,1,1,0,10.000,10.000,0,0
204,208,203,205,208,209,0,0,0,0,0,0,0,0,1,1,1,0,10.000,10.000,0,0
205,209,204,206,209,210,0,0,0,0,0,0,0,0,1,1,1,0,10.000,10.000,0,0
206,210,205,207,210,211,0,0,0,0,0,0,0,0,1,1,1,0,10.000,10.000,0,0
207,211,206,208,211,212,0,0,0,0,0,0,0,0,1,1,1,0,10.000,10.000,0,0
208,212,207,209,212,213,0,0,0,0,0,0,0,0,1,1,1,0,10.000,10.000,0,0
209,213,208,210,213,214,0,0,0,0,0,0,0,0,1,1,1,0,10.000,10.000,0,0
210,214,209,211,214,215,0,0,0,0,0,0,0,0,1,1,1,0,10.000,10.000,0,0
211,215,210,212,215,216,0,0,0,0,0,0,0,0,1,1,1,0,10.000,10.000,0,0
212,216,211,213,216,217,0,0,0,0,0,0,0,0,1,1,1,0,10.000,10.000,0,0
213,217,212,214,217,218,0,0,0,0,0,0,0,0,1,1,1,0,10.000,10.000,0,0
214,218,213,215,218,219,0,0,0,0,0,0,0,0,1,1,1,0,10.000,10.000,0,0
215,219,214,216,219,220,0,0,0,0,0,0,0,0,1,1,1,0,10.000,10.000,0,0
216,220,215,217,220,221,0,0,0,0,0,0,0,0,1,1,1,0,10.000,10.000,0,0
217,221,216,218,221,222,0,0,0,0,0,0,0,0,1,1,1,0,10.000,10.000,0,0
218,222,217,219,222,223,0,0,0,0,0,0,0,0,1,1,1,0,10.000,10.000,0,0
219,223,218,220,223,224,0,0,0,0,0,0,0,0,1,1,1,0,10.000,10.000,0,0
220,224,219,221,224,225,0,0,0,0,0,0,0,0,1,1,1,0,10.000,10.000,0,0
221,225,220,222,225,226,0,0,0,0,0,0,0,0,1,1,1,0,10.000,10.000,0,0
222,226,221,223,226,227,0,0,0,0,0,0,0,0,1,1,1,0,10.000,10.000,0,0
223,227,222,224,227,228,0,0,0,0,0,0,0,0,1,1,1,0,10.000,10.000,0,0
224,228,223,225,228,229,0,0,0,0,0,0,0,0,1,1,1,0,10.000,10.000,0,0
225,229,224,226,229,230,0,0,0,0,0,0,0,0,1,1,1,0,10.000,10.000,0,0
226,230,225,227,230,231,0,0,0,0,0,0,0,0,1,1,1,0,10.000,10.000,0,0
227,231,226,228,231,232,0,0,0,0,0,0,0,0,1,1,1,0,10.000,10.000,0,0
228,232,227,229,232,233,0,0,0,0,0,0,0,0,1,1,1,0,10.000,10.000,0,0
229,233,228,230,233,234,0,0,0,0,0,0,0,0,1,1,1,0,10.000,10.000,0,0
230,234,229,231,234,235,0,0,0,0,0,0,0,0,1,1,1,0,10.000,10.000,0,0
231,235,230,232,235,236,0,0,0,0,0,0,0,0,1,1,1,0,10.000,10.000,0,0
232,236,231,233,236,237,0,0,0,0,0,0,0,0,1,1,1,0,10.000,10.000,0,0
233,237,232,234,237,238,0,0,0,0,0,0,0,0,1,1,1,0,10.000,10.000,0,0
234,238,233,235,238,239,0,0,0,0,0,0,0,0,1,1,1,0,10.000,10.000,0,0
235,239,234,236,239,240,0,0,0,0,0,0,0,0,1,1,1,0,10.000,10.000,0,0
236,240,235,237,240,241,0,0,0,0,0,0,0,0,1,1,1,0,10.000,10.000,0,0
237,241,236,238,241,242,0,0,0,0,0,0,0,0,1,1,1,0,10.000,10.000,0,0
238,242,237,239,242,243,0,0,0,0,0,0,0,0,1,1,1,0,10.000,10.000,0,0
239,243,238,240,243,244,0,0,0,0,0,0,0,0,1,1,1,0,10.000,10.000,0,0
240,244,239,241,244,245,0,0,0,0,0,0,0,0,1,1,1,0,10.000,10.000,0,0
241,245,240,242,245,246,0,0,0,0,0,0,0,0,1,1,1,0,10.000,10.000,0,0
242,246,241,0,246,247,0,0,0,0,0,0,0,0,1,1,1,0,10.000,10.000,0,0
243,248,0,244,248,249,0,0,0,0,0,0,0,0,1,1,1,0,10.000,10.000,0,0
244,249,243,245,249,250,0,0,0,0,0,0,0,0,1,1,1,0,10.000,10.000,0,0
245,250,244,246,250,251,0,0,0,0,0,0,0,0,1,1,1,0,10.000,10.000,0,0
246,251,245,247,251,252,0,0,0,0,0,0,0,0,1,1,1,0,10.000,10.000,0,0
247,252,246,248,252,253,0,0,0,0,0,0,0,0,1,1,1,0,10.000,10.000,0,0
248,253,247,249,253,254,0,0,0,0,0,0,0,0,1,1,1,0,10.000,10.000,0,0
249,254,248,250,254,255,0,0,0,0,0,0,0,0,1,1,1,0,10.000,10.000,0,0
250,255,249,251,255,256,0,0,0,0,0,0,0,0,1,1,1,0,10.000,10.000,0,0
251,256,250,252,256,257,0,0,0,0,0,0,0,0,1,1,1,0,10.000,10.000,0,0
252,257,251,253,257,258,0,0,0,0,0,0,0,0,1,1,1,0,10.000,10.000,0,0
253,258,252,254,258,259,0,0,0,0,0,0,0,0,1,1,1,0,10.000,10.000,0,0
254,259,253,255,259,260,0,0,0,0,0,0,0,0,1,1,1,0,10.000,10.000,0,0
255,260,254,256,260,261,0,0,0,0,0,0,0,0,1,1,1,0,10.000,10.000,0,0
256,261,255,257,261,262,0,0,0,0,0,0,0,0,1,1,1,0,10.000,10.000,0,0
257,262,256,258,262,263,0,0,0,0,0,0,0,0,1,1,1,0,10.000,10.000,0,0
258,263,257,259,263,264,0,0,0,0,0,0,0,0,1,1,1,0,10.000,10.000,0,0
259,264,258,260,264,265,0,0,0,0,0,0,0,0,1,1,1,0,10.000,10.000,0,0
260,265,259,261,265,266,0,0,0,0,0,0,0,0,1,1,1,0,10.000,10.000,0,0
261,266,260,262,266,267,0,0,0,0,0,0,0,0,1,1,1,0,10.000,10.000,0,0
262,267,261,263,267,268,0,0,0,0,0,0,0,0,1,1,1,0,10.000,10.000,0,0
263,268,262,264,268,269,0,0,0,0,0,0,0,0,1,1,1,0,10.000,10.000,0,0
264,269,263,265,269,270,0,0,0,0,0,0,0,0,1,1,1,0,10.000,10.000,0,0
265,270,264,266,270,271,0,0,0,0,0,0,0,0,1,1,1,0,10.000,10.000,0,0
266,271,265,267,271,272,0,0,0,0,0,0,0,0,1,1,1,0,10.000,10.000,0,0
267,272,266,268,272,273,0,0,0,0,0,0,0,0,1,1,1,0,10.000,10.000,0,0
268,273,267,269,273,274,0,0,0,0,0,0,0,0,1,1,1,0,10.000,10.000,0,0
269,274,268,270,274,275,0,0,0,0,0,0,0,0,1,1,1,0,10.000,10.000,0,0
270,275,269,271,275,276,0,0,0,0,0,0,0,0,1,1,1,0,10.000,10.000,0,0
271,276,270,272,276,277,0,0,0,0,0,0,0,0,1,1,1,0,10.000,10.000,0,0
272,277,271,273,277,278,0,0,0,0,0,0,0,0,1,1,1,0,10.000,10.000,0,0
273,278,272,274,278,279,0,0,0,0,0,0,0,0,1,1,1,0,10.000,10.000,0,0
274,279,273,275,279,280,0,0,0,0,0,0,0,0,1,1,1,0,10.000,10.000,0,0
275,280,274,276,280,281,0,0,0,0,0,0,0,0,1,1,1,0,10.000,10.000,0,0
276,281,275,277,281,282,0,0,0,0,0,0,0,0,1,1,1,0,10.000,10.000,0,0
277,282,276,278,282,283,0,0,0,0,0,0,0,0,1,1,1,0,10.000,10.000,0,0
278,283,277,279,283,284,0,0,0,0,0,0,0,0,1,1,1,0,10.000,10.000,0,0
279,284,278,280,284,285,0,0,0,0,0,0,0,0,1,1,1,0,10.000,10.000,0,0
280,285,279,281,285,286,0,0,0,0,0,0,0,0,1,1,1,0,10.000,10.000,0,0
281,286,280,282,286,287,0,0,0,0,0,0,0,0,1,1,1,0,10.000,10.000,0,0
282,287,281,283,287,288,0,0,0,0,0,0,0,0,1,1,1,0,10.000,10.000,0,0
283,288,282,284,288,289,0,0,0,0,0,0,0,0,1,1,1,0,10.000,10.000,0,0
284,289,283,285,289,290,0,0,0,0,0,0,0,0,1,1,1,0,10.000,10.000,0,0
285,290,284,286,290,291,0,0,0,0,0,0,0,0,1,1,1,0,10.000,10.000,0,0
286,291,285,287,291,292,0,0,0,0,0,0,0,0,1,1,1,0,10.000,10.000,0,0
287,292,286,288,292,293,0,0,0,0,0,0,0,0,1,1,1,0,10.000,10.000,0,0
288,293,287,289,293,294,0,0,0,0,0,0,0,0,1,1,1,0,10.000,10.000,0,0
289,294,288,290,294,295,0,0,0,0,0,0,0,0,1,1,1,0,10.000,10.000,0,0
290,295,289,0,295,296,0,0,0,0,0,0,0,0,1,1,1,0,10.000,10.000,0,0
291,297,0,292,297,298,0,0,0,0,0,0,0,0,1,1,1,0,10.000,10.000,0,0
292,298,291,293,298,299,0,0,0,0,0,0,0,0,1,1,1,0,10.000,10.000,0,0
293,299,292,294,299,300,0,0,0,0,0,0,0,0,1,1,1,0,10.000,10.000,0,0
294,300,293,295,300,301,0,0,0,0,0,0,0,0,1,1,1,0,10.000,10.000,0,0
295,301,294,296,301,302,0,0,0,0,0,0,0,0,1,1,1,0,10.000,10.000,0,0
296,302,295,297,302,303,0,0,0,0,0,0,0,0,1,1,1,0,10.000,10.000,0,0
297,303,296,298,303,304,0,0,0,0,0,0,0,0,1,1,1,0,10.000,10.000,0,0
298,304,297,299,304,305,0,0,0,0,0,0,0,0,1,1,1,0,10.000,10.000,0,0
299,305,298,300,305,306,0,0,0,0,0,0,0,0,1,1,1,0,10.000,10.000,0,0
300,306,299,301,306,307,0,0,0,0,0,0,0,0,1,1,1,0,10.000,10.000,0,0
301,307,300,0,307,308,0,0,0,0,0,0,0,0,1,1,1,0,10.000,10.000,0,0
302,309,0,303,309,310,0,0,0,0,0,0,0,0,1,1,1,0,10.000,10.000,0,0
303,310,302,304,310,311,0,0,0,0,0,0,0,0,1,1,1,0,10.000,10.000,0,0
304,311,303,305,311,312,0,0,0,0,0,0,0,0,1,1,1,0,10.000,10.000,0,0
305,312,304,306,312,313,0,0,0,0,0,0,0,0,1,1,1,0,10.000,10.000,0,0
306,313,305,307,313,314,0,0,0,0,0,0,0,0,1,1,1,0,10.000,10.000,0,0
307,314,306,308,314,315,0,0,0,0,0,0,0,0,1,1,1,0,10.000,10.000,0,0
308,315,307,309,315,316,0,0,0,0,0,0,0,0,1,1,1,0,10.000,10.000,0,0
309,316,308,310,316,317,0,0,0,0,0,0,0,0,1,1,1,0,10.000,10.000,0,0
310,317,309,311,317,318,0,0,0,0,0,0,0,0,1,1,1,0,10.000,10.000,0,0
311,318,310,312,318,319,0,0,0,0,0,0,0,0,1,1,1,0,10.000,10.000,0,0
312,319,311,0,319,320,0,0,0,0,0,0,0,0,1,1,1,0,10.000,10.000,0,0
313,321,0,314,321,322,0,0,0,0,0,0,0,0,1,1,1,0,10.000,10.000,0,0
314,322,313,315,322,323,0,0,0,0,0,0,0,0,1,1,1,0,10.000,10.000,0,0
315,323,314,316,323,324,0,0,0,0,0,0,0,0,1,1,1,0,10.000,10.000,0,0
316,324,315,317,324,325,0,0,0,0,0,0,0,0,1,1,1,0,10.000,10.000,0,0
317,325,316,318,325,326,0,0,0,0,0,0,0,0,1,1,1,0,10.000,10.000,0,0
318,326,317,319,326,327,0,0,0,0,0,0,0,0,1,1,1,0,10.000,10.000,0,0
319,327,318,320,327,328,0,0,0,0,0,0,0,0,1,1,1,0,10.000,10.000,0,0
320,328,319,321,328,329,0,0,0,0,0,0,0,0,1,1,1,0,10.000,10.000,0,0
321,329,320,322,329,330,0,0,0,0,0,0,0,0,1,1,1,0,10.000,10.000,0,0
322,330,321,323,330,331,0,0,0,0,0,0,0,0,1,1,1,0,10.000,10.000,0,0
323,331,322,0,331,332,0,0,0,0,0,0,0,0,1,1,1,0,10.000,10.000,0,0
324,333,0,325,333,334,0,0,0,0,0,0,0,0,1,1,1,0,10.000,10.000,0,0
325,334,324,326,334,335,0,0,0,0,0,0,0,0,1,1,1,0,10.000,10.000,0,0
326,335,325,327,335,336,0,0,0,0,0,0,0,0,1,1,1,0,10.000,10.000,0,0
327,336,326,328,336,337,0,0,0,0,0,0,0,0,1,1,1,0,10.000,10.000,0,0
328,337,327,329,337,338,0,0,0,0,0,0,0,0,1,1,1,0,10.000,10.000,0,0
329,338,328,330,338,339,0,0,0,0,0,0,0,0,1,1,1,0,10.000,10.000,0,0
330,339,329,331,339,340,0,0,0,0,0,0,0,0,1,1,1,0,10.000,10.000,0,0
331,340,330,332,340,341,0,0,0,0,0,0,0,0,1,1,1,0,10.000,10.000,0,0
332,341,331,333,341,342,0,0,0,0,0,0,0,0,1,1,1,0,10.000,10.000,0,0
333,342,332,334,342,343,0,0,0,0,0,0,0,0,1,1,1,0,10.000,10.000,0,0
334,343,333,0,343,344,0,0,0,0,0,0,0,0,1,1,1,0,10.000,10.000,0,0
335,345,0,336,345,346,0,0,0,0,0,0,0,0,1,1,1,0,10.000,10.000,0,0
336,346,335,337,346,347,0,0,0,0,0,0,0,0,1,1,1,0,10.000,10.000,0,0
337,347,336,338,347,348,0,0,0,0,0,0,0,0,1,1,1,0,10.000,10.000,0,0
338,348,337,339,348,349,0,0,0,0,0,0,0,0,1,1,1,0,10.000,10.000,0,0
339,349,338,340,349,350,0,0,0,0,0,0,0,0,1,1,1,0,10.000,10.000,0,0
340,350,339,341,350,351,0,0,0,0,0,0,0,0,1,1,1,0,10.000,10.000,0,0
341,351,340,342,351,352,0,0,0,0,0,0,0,0,1,1,1,0,10.000,10.000,0,0
342,352,341,343,352,353,0,0,0,0,0,0,0,0,1,1,1,0,10.000,10.000,0,0
343,353,342,344,353,354,0,0,0,0,0,0,0,0,1,1,1,0,10.000,10.000,0,0
344,354,343,345,354,355,0,0,0,0,0,0,0,0,1,1,1,0,10.000,10.000,0,0
345,355,344,0,355,356,0,0,0,0,0,0,0,0,1,1,1,0,10.000,10.000,0,0
346,357,0,347,357,358,0,0,0,0,0,0,0,0,1,1,1,0,10.000,10.000,0,0
347,358,346,348,358,359,0,0,0,0,0,0,0,0,1,1,1,0,10.000,10.000,0,0
348,359,347,349,359,360,0,0,0,0,0,0,0,0,1,1,1,0,10.000,10.000,0,0
349,360,348,350,360,361,0,0,0,0,0,0,0,0,1,1,1,0,10.000,10.000,0,0
350,361,349,351,361,362,0,0,0,0,0,0,0,0,1,1,1,0,10.000,10.000,0,0
351,362,350,352,362,363,0,0,0,0,0,0,0,0,1,1,1,0,10.000,10.000,0,0
352,363,351,353,363,364,0,0,0,0,0,0,0,0,1,1,1,0,10.000,10.000,0,0
353,364,352,354,364,365,0,0,0,0,0,0,0,0,1,1,1,0,10.000,10.000,0,0
354,365,353,355,365,366,0,0,0,0,0,0,0,0,1,1,1,0,10.000,10.000,0,0
355,366,354,356,366,367,0,0,0,0,0,0,0,0,1,1,1,0,10.000,10.000,0,0
356,367,355,0,367,368,0,0,0,0,0,0,0,0,1,1,1,0,10.000,10.000,0,0
357,369,0,358,369,370,0,0,0,0,0,0,0,0,1,1,1,0,10.000,10.000,0,0
358,370,357,359,370,371,0,0,0,0,0,0,0,0,1,1,1,0,10.000,10.000,0,0
359,371,358,360,371,372,0,0,0,0,0,0,0,0,1,1,1,0,10.000,10.000,0,0
360,372,359,361,372,373,0,0,0,0,0,0,0,0,1,1,1,0,10.000,10.000,0,0
361,373,360,362,373,374,0,0,0,0,0,0,0,0,1,1,1,0,10.000,10.000,0,0
362,374,361,363,374,375,0,0,0,0,0,0,0,0,1,1,1,0,10.000,10.000,0,0
363,375,362,364,375,376,0,0,0,0,0,0,0,0,1,1,1,0,10.000,10.000,0,0
364,376,363,365,376,377,0,0,0,0,0,0,0,0,1,1,1,0,10.000,10.000,0,0
365,377,364,366,377,378,0,0,0,0,0,0,0,0,1,1,1,0,10.000,10.000,0,0
366,378,365,367,378,379,0,0,0,0,0,0,0,0,1,1,1,0,10.000,10.000,0,0
367,379,366,0,379,380,0,0,0,0,0,0,0,0,1,1,1,0,10.000,10.000,0,0
368,381,0,369,381,382,0,0,0,0,0,0,0,0,1,1,1,0,10.000,10.000,0,0
369,382,368,370,382,383,0,0,0,0,0,0,0,0,1,1,1,0,10.000,10.000,0,0
370,383,369,371,383,384,0,0,0,0,0,0,0,0,1,1,1,0,10.000,10.000,0,0
371,384,370,372,384,385,0,0,0,0,0,0,0,0,1,1,1,0,10.000,10.000,0,0
372,385,371,373,385,386,0,0,0,0,0,0,0,0,1,1,1,0,10.000,10.000,0,0
373,386,372,374,386,387,0,0,0,0,0,0,0,0,1,1,1,0,10.000,10.000,0,0
374,387,373,375,387,388,0,0,0,0,0,0,0,0,1,1,1,0,10.000,10.000,0,0
375,388,374,376,388,389,0,0,0,0,0,0,0,0,1,1,1,0,10.000,10.000,0,0
376,389,375,377,389,390,0,0,0,0,0,0,0,0,1,1,1,0,10.000,10.000,0,0
377,390,376,378,390,391,0,0,0,0,0,0,0,0,1,1,1,0,10.000,10.000,0,0
378,391,377,0,391,392,0,0,0,0,0,0,0,0,1,1,1,0,10.000,10.000,0,0
379,393,0,380,393,394,0,0,0,0,0,0,0,0,1,1,1,0,10.000,10.000,0,0
380,394,379,0,394,395,0,0,0,0,0,0,0,0,1,1,1,0,10.000,10.000,0,0
381,396,0,382,396,397,0,0,0,0,0,0,0,0,1,1,1,0,10.000,10.000,0,0
382,397,381,383,397,398,0,0,0,0,0,0,0,0,1,1,1,0,10.000,10.000,0,0
383,398,382,384,398,399,0,0,0,0,0,0,0,0,1,1,1,0,10.000,10.000,0,0
384,399,383,385,399,400,0,0,0,0,0,0,0,0,1,1,1,0,10.000,10.000,0,0
385,400,384,0,400,401,0,0,0,0,0,0,0,0,1,1,1,0,10.000,10.000,0,0
386,402,0,387,402,403,0,0,0,0,0,0,0,0,1,1,1,0,10.000,10.000,0,0
387,403,386,0,403,404,0,0,0,0,0,0,0,0,1,1,1,0,10.000,10.000,0,0
388,405,0,389,405,406,0,0,0,0,0,0,0,0,1,1,1,0,10.000,10.000,0,0
389,406,388,0,406,407,0,0,0,0,0,0,0,0,1,1,1,0,10.000,10.000,0,0
390,408,0,391,408,409,0,0,0,0,0,0,0,0,1,1,1,0,10.000,10.000,0,0
391,409,390,0,409,410,0,0,0,0,0,0,0,0,1,1,1,0,10.000,10.000,0,0
392,411,0,393,411,412,0,0,0,0,0,0,0,0,1,1,1,0,10.000,10.000,0,0
393,412,392,394,412,413,0,0,0,0,0,0,0,0,1,1,1,0,10.000,10.000,0,0
394,413,393,395,413,414,0,0,0,0,0,0,0,0,1,1,1,0,10.000,10.000,0,0
395,414,394,396,414,415,0,0,0,0,0,0,0,0,1,1,1,0,10.000,10.000,0,0
396,415,395,0,415,416,0,0,0,0,0,0,0,0,1,1,1,0,10.000,10.000,0,0
397,417,0,398,417,418,0,0,0,0,0,0,0,0,1,1,1,0,10.000,10.000,0,0
398,418,397,0,418,419,0,0,0,0,0,0,0,0,1,1,1,0,10.000,10.000,0,0
399,420,0,400,420,421,0,0,0,0,0,0,0,0,1,1,1,0,10.000,10.000,0,0
400,421,399,0,421,422,0,0,0,0,0,0,0,0,1,1,1,0,10.000,10.000,0,0
401,423,0,402,423,424,0,0,0,0,0,0,0,0,1,1,1,0,10.000,10.000,0,0
402,424,401,403,424,425,0,0,0,0,0,0,0,0,1,1,1,0,10.000,10.000,0,0
403,425,402,404,425,426,0,0,0,0,0,0,0,0,1,1,1,0,10.000,10.000,0,0
404,426,403,405,426,427,0,0,0,0,0,0,0,0,1,1,1,0,10.000,10.000,0,0
405,427,404,0,427,428,0,0,0,0,0,0,0,0,1,1,1,0,10.000,10.000,0,0
406,429,0,407,429,430,0,0,0,0,0,0,0,0,1,1,1,0,10.000,10.000,0,0
407,430,406,408,430,431,0,0,0,0,0,0,0,0,1,1,1,0,10.000,10.000,0,0
408,431,407,409,431,432,0,0,0,0,0,0,0,0,1,1,1,0,10.000,10.000,0,0
409,432,408,0,432,433,0,0,0,0,0,0,0,0,1,1,1,0,10.000,10.000,0,0
410,434,0,411,434,435,0,0,0,0,0,0,0,0,1,1,1,0,10.000,10.000,0,0
411,435,410,412,435,436,0,0,0,0,0,0,0,0,1,1,1,0,10.000,10.000,0,0
412,436,411,413,436,437,0,0,0,0,0,0,0,0,1,1,1,0,10.000,10.000,0,0
413,437,412,414,437,438,0,0,0,0,0,0,0,0,1,1,1,0,10.000,10.000,0,0
414,438,413,0,438,439,0,0,0,0,0,0,0,0,1,1,1,0,10.000,10.000,0,0
415,440,0,416,440,441,0,0,0,0,0,0,0,0,1,1,1,0,10.000,10.000,0,0
416,441,415,417,441,442,0,0,0,0,0,0,0,0,1,1,1,0,10.000,10.000,0,0
417,442,416,418,442,443,0,0,0,0,0,0,0,0,1,1,1,0,10.000,10.000,0,0
418,443,417,419,443,444,0,0,0,0,0,0,0,0,1,1,1,0,10.000,10.000,0,0
419,444,418,0,444,445,0,0,0,0,0,0,0,0,1,1,1,0,10.000,10.000,0,0
420,446,0,421,446,447,0,0,0,0,0,0,0,0,1,1,1,0,10.000,10.000,0,0
421,447,420,422,447,448,0,0,0,0,0,0,0,0,1,1,1,0,10.000,10.000,0,0
422,448,421,423,448,449,0,0,0,0,0,0,0,0,1,1,1,0,10.000,10.000,0,0
423,449,422,424,449,450,0,0,0,0,0,0,0,0,1,1,1,0,10.000,10.000,0,0
424,450,423,0,450,451,0,0,0,0,0,0,0,0,1,1,1,0,10.000,10.000,0,0
425,452,0,426,452,453,0,0,0,0,0,0,0,0,1,1,1,0,10.000,10.000,0,0
426,453,425,427,453,454,0,0,0,0,0,0,0,0,1,1,1,0,10.000,10.000,0,0
427,454,426,428,454,455,0,0,0,0,0,0,0,0,1,1,1,0,10.000,10.000,0,0
428,455,427,429,455,456,0,0,0,0,0,0,0,0,1,1,1,0,10.000,10.000,0,0
429,456,428,0,456,457,0,0,0,0,0,0,0,0,1,1,1,0,10.000,10.000,0,0
430,458,0,431,458,459,0,0,0,0,0,0,0,0,1,1,1,0,10.000,10.000,0,0
431,459,430,432,459,460,0,0,0,0,0,0,0,0,1,1,1,0,10.000,10.000,0,0
432,460,431,433,460,461,0,0,0,0,0,0,0,0,1,1,1,0,10.000,10.000,0,0
433,461,432,434,461,462,0,0,0,0,0,0,0,0,1,1,1,0,10.000,10.000,0,0
434,462,433,0,462,463,0,0,0,0,0,0,0,0,1,1,1,0,10.000,10.000,0,0
435,464,0,436,464,465,0,0,0,0,0,0,0,0,1,1,1,0,10.000,10.000,0,0
436,465,435,437,465,466,0,0,0,0,0,0,0,0,1,1,1,0,10.000,10.000,0,0
437,466,436,438,466,467,0,0,0,0,0,0,0,0,1,1,1,0,10.000,10.000,0,0
438,467,437,439,467,468,0,0,0,0,0,0,0,0,1,1,1,0,10.000,10.000,0,0
439,468,438,0,468,469,0,0,0,0,0,0,0,0,1,1,1,0,10.000,10.000,0,0
440,470,0,441,470,471,0,0,0,0,0,0,0,0,1,1,1,0,10.000,10.000,0,0
441,471,440,0,471,472,0,0,0,0,0,0,0,0,1,1,1,0,10.000,10.000,0,0
442,473,0,443,473,474,0,0,0,0,0,0,0,0,1,1,1,0,10.000,10.000,0,0
443,474,442,444,474,475,0,0,0,0,0,0,0,0,1,1,1,0,10.000,10.000,0,0
444,475,443,445,475,476,0,0,0,0,0,0,0,0,1,1,1,0,10.000,10.000,0,0
445,476,444,446,476,477,0,0,0,0,0,0,0,0,1,1,1,0,10.000,10.000,0,0
446,477,445,0,477,478,0,0,0,0,0,0,0,0,1,1,1,0,10.000,10.000,0,0
447,479,0,448,479,480,0,0,0,0,0,0,0,0,1,1,1,0,10.000,10.000,0,0
448,480,447,0,480,481,0,0,0,0,0,0,0,0,1,1,1,0,10.000,10.000,0,0
449,482,0,450,482,483,0,0,0,0,0,0,0,0,1,1,1,0,10.000,10.000,0,0
450,483,449,451,483,484,0,0,0,0,0,0,0,0,1,1,1,0,10.000,10.000,0,0
451,484,450,452,484,485,0,0,0,0,0,0,0,0,1,1,1,0,10.000,10.000,0,0
452,485,451,453,485,486,0,0,0,0,0,0,0,0,1,1,1,0,10.000,10.000,0,0
453,486,452,0,486,487,0,0,0,0,0,0,0,0,1,1,1,0,10.000,10.000,0,0
