PID,B,L,H,Bx,Ly,ReF,MCODE1,MCODE2,MCODE3
1,0,0,-1.85,1.03,-4.81,0,0,0,0
2,0,0,-1.85,1.81,-4.84,0,0,0,0
3,0,0,-2.07,2.63,-4.87,0,0,0,0
4,0,0,-2.28,3.49,-4.89,0,0,0,0
5,0,0,-2.24,4.37,-4.92,0,0,0,0
6,0,0,-2.08,5.29,-4.94,0,0,0,0
7,0,0,-1.80,6.23,-4.96,0,0,0,0
8,0,0,-1.74,7.21,-4.99,0,0,0,0
9,0,0,-1.76,8.20,-5.01,0,0,0,0
10,0,0,-1.93,9.22,-5.03,0,0,0,0
11,0,0,-1.86,10.26,-5.05,0,0,0,0
12,0,0,-1.78,11.33,-5.06,0,0,0,0
13,0,0,-1.59,12.41,-5.08,0,0,0,0
14,0,0,-1.63,13.51,-5.10,0,0,0,0
15,0,0,-1.60,14.62,-5.11,0,0,0,0
16,0,0,-0.40,15.74,-5.13,0,0,0,0
17,0,0,0.00,16.88,-5.14,0,0,0,0
18,0,0,-0.29,18.03,-5.16,0,0,0,0
19,0,0,-1.44,19.19,-5.17,0,0,0,0
20,0,0,-1.62,20.35,-5.18,0,0,0,0
21,0,0,-1.22,21.52,-5.19,0,0,0,0
22,0,0,-1.52,22.69,-5.21,0,0,0,0
23,0,0,-1.39,23.86,-5.22,0,0,0,0
24,0,0,-0.06,25.04,-5.23,0,0,0,0
25,0,0,-1.12,26.21,-5.24,0,0,0,0
26,0,0,-1.14,27.38,-5.24,0,0,0,0
27,0,0,-1.47,28.54,-5.25,0,0,0,0
28,0,0,-1.46,29.70,-5.26,0,0,0,0
29,0,0,-0.38,30.85,-5.27,0,0,0,0
30,0,0,-0.40,31.98,-5.28,0,0,0,0
31,0,0,-0.92,33.11,-5.28,0,0,0,0
32,0,0,-1.00,34.22,-5.29,0,0,0,0
33,0,0,-1.54,35.32,-5.30,0,0,0,0
34,0,0,-1.32,36.40,-5.31,0,0,0,0
35,0,0,-1.25,37.46,-5.31,0,0,0,0
36,0,0,-1.22,38.51,-5.32,0,0,0,0
37,0,0,-0.82,39.53,-5.32,0,0,0,0
38,0,0,-1.20,40.52,-5.33,0,0,0,0
39,0,0,-1.26,41.49,-5.34,0,0,0,0
40,0,0,-1.24,42.44,-5.34,0,0,0,0
41,0,0,-1.12,43.35,-5.35,0,0,0,0
42,0,0,-1.12,44.24,-5.35,0,0,0,0
43,0,0,-1.08,45.09,-5.36,0,0,0,0
44,0,0,-1.06,45.91,-5.36,0,0,0,0
45,0,0,-1.09,46.70,-5.37,0,0,0,0
46,0,0,-1.06,47.44,-5.38,0,0,0,0
47,0,0,-1.07,48.15,-5.38,0,0,0,0
48,0,0,-1.07,48.82,-5.39,0,0,0,0
49,0,0,-1.08,49.45,-5.40,0,0,0,0
50,0,0,-1.08,50.03,-5.40,0,0,0,0
51,0,0,-1.74,1.11,11.91,0,0,0,0
52,0,0,-1.76,1.91,11.89,0,0,0,0
53,0,0,-1.89,2.73,11.87,0,0,0,0
54,0,0,-1.89,3.56,11.85,0,0,0,0
55,0,0,-1.85,4.41,11.83,0,0,0,0
56,0,0,-1.81,5.28,11.81,0,0,0,0
57,0,0,-1.77,6.16,11.79,0,0,0,0
58,0,0,-1.76,7.05,11.77,0,0,0,0
59,0,0,-1.65,7.96,11.74,0,0,0,0
60,0,0,-1.61,8.88,11.72,0,0,0,0
61,0,0,-1.57,9.81,11.70,0,0,0,0
62,0,0,-1.60,10.76,11.68,0,0,0,0
63,0,0,-1.60,11.71,11.66,0,0,0,0
64,0,0,-1.66,12.68,11.64,0,0,0,0
65,0,0,-1.66,13.66,11.61,0,0,0,0
66,0,0,-1.59,14.65,11.59,0,0,0,0
67,0,0,-1.53,15.65,11.57,0,0,0,0
68,0,0,-1.53,16.65,11.55,0,0,0,0
69,0,0,-1.55,17.67,11.52,0,0,0,0
70,0,0,-1.53,18.70,11.50,0,0,0,0
71,0,0,-1.57,19.73,11.48,0,0,0,0
72,0,0,-1.61,20.77,11.46,0,0,0,0
73,0,0,-1.64,21.82,11.44,0,0,0,0
74,0,0,-1.51,22.87,11.41,0,0,0,0
75,0,0,-1.49,23.93,11.39,0,0,0,0
76,0,0,-1.50,25.00,11.37,0,0,0,0
77,0,0,-1.44,26.07,11.35,0,0,0,0
78,0,0,-1.50,27.14,11.33,0,0,0,0
79,0,0,-1.43,28.22,11.31,0,0,0,0
80,0,0,-1.38,29.30,11.29,0,0,0,0
81,0,0,-1.32,30.39,11.26,0,0,0,0
82,0,0,-1.37,31.48,11.24,0,0,0,0
83,0,0,-1.39,32.57,11.22,0,0,0,0
84,0,0,-1.31,33.67,11.20,0,0,0,0
85,0,0,-1.49,34.76,11.18,0,0,0,0
86,0,0,-1.59,35.86,11.16,0,0,0,0
87,0,0,-1.50,36.95,11.14,0,0,0,0
88,0,0,-1.64,38.05,11.13,0,0,0,0
89,0,0,-1.47,39.15,11.11,0,0,0,0
90,0,0,-1.66,40.24,11.09,0,0,0,0
91,0,0,-1.48,41.34,11.07,0,0,0,0
92,0,0,-1.35,42.43,11.05,0,0,0,0
93,0,0,-1.14,43.52,11.04,0,0,0,0
94,0,0,-1.00,44.60,11.02,0,0,0,0
95,0,0,-1.17,45.69,11.00,0,0,0,0
96,0,0,-1.16,46.77,10.99,0,0,0,0
97,0,0,-1.08,47.84,10.97,0,0,0,0
98,0,0,-1.09,48.91,10.96,0,0,0,0
99,0,0,-0.89,49.98,10.94,0,0,0,0
100,0,0,-2.27,0.71,-21.53,0,0,0,0
101,0,0,-2.24,1.72,-21.55,0,0,0,0
102,0,0,-2.20,2.73,-21.57,0,0,0,0
103,0,0,-2.19,3.75,-21.59,0,0,0,0
104,0,0,-2.12,4.78,-21.61,0,0,0,0
105,0,0,-2.09,5.83,-21.63,0,0,0,0
106,0,0,-2.11,6.87,-21.65,0,0,0,0
107,0,0,-2.19,7.93,-21.67,0,0,0,0
108,0,0,-2.14,8.99,-21.68,0,0,0,0
109,0,0,-2.09,10.06,-21.70,0,0,0,0
110,0,0,-1.97,11.14,-21.72,0,0,0,0
111,0,0,-1.94,12.22,-21.73,0,0,0,0
112,0,0,-1.97,13.30,-21.75,0,0,0,0
113,0,0,-1.88,14.38,-21.76,0,0,0,0
114,0,0,-1.89,15.47,-21.78,0,0,0,0
115,0,0,-1.87,16.56,-21.79,0,0,0,0
116,0,0,-1.82,17.65,-21.80,0,0,0,0
117,0,0,-1.80,18.74,-21.81,0,0,0,0
118,0,0,-1.81,19.84,-21.83,0,0,0,0
119,0,0,-1.82,20.93,-21.84,0,0,0,0
120,0,0,-1.73,22.01,-21.85,0,0,0,0
121,0,0,-1.71,23.10,-21.86,0,0,0,0
122,0,0,-1.68,24.18,-21.87,0,0,0,0
123,0,0,-1.71,25.26,-21.88,0,0,0,0
124,0,0,-1.78,26.34,-21.89,0,0,0,0
125,0,0,-1.71,27.41,-21.90,0,0,0,0
126,0,0,-1.72,28.47,-21.91,0,0,0,0
127,0,0,-1.65,29.53,-21.92,0,0,0,0
128,0,0,-1.58,30.58,-21.93,0,0,0,0
129,0,0,-1.55,31.62,-21.93,0,0,0,0
130,0,0,-1.59,32.65,-21.94,0,0,0,0
131,0,0,-1.55,33.68,-21.95,0,0,0,0
132,0,0,-1.53,34.69,-21.96,0,0,0,0
133,0,0,-1.54,35.69,-21.96,0,0,0,0
134,0,0,-1.50,36.68,-21.97,0,0,0,0
135,0,0,-1.49,37.66,-21.98,0,0,0,0
136,0,0,-1.47,38.63,-21.99,0,0,0,0
137,0,0,-1.46,39.59,-21.99,0,0,0,0
138,0,0,-1.43,40.52,-22.00,0,0,0,0
139,0,0,-1.42,41.45,-22.01,0,0,0,0
140,0,0,-1.44,42.36,-22.02,0,0,0,0
141,0,0,-1.44,43.25,-22.02,0,0,0,0
142,0,0,-1.43,44.13,-22.03,0,0,0,0
143,0,0,-1.43,44.99,-22.04,0,0,0,0
144,0,0,-1.43,45.83,-22.04,0,0,0,0
145,0,0,-1.40,46.65,-22.05,0,0,0,0
146,0,0,-1.36,47.45,-22.06,0,0,0,0
147,0,0,-1.33,48.23,-22.07,0,0,0,0
148,0,0,-1.36,48.99,-22.07,0,0,0,0
149,0,0,-1.33,49.73,-22.08,0,0,0,0
150,0,0,-1.38,49.72,-24.85,0,0,0,0
151,0,0,-1.40,48.94,-24.83,0,0,0,0
152,0,0,-1.37,48.14,-24.81,0,0,0,0
153,0,0,-1.42,47.34,-24.79,0,0,0,0
154,0,0,-1.44,46.54,-24.77,0,0,0,0
155,0,0,-1.46,45.72,-24.75,0,0,0,0
156,0,0,-1.47,44.90,-24.73,0,0,0,0
157,0,0,-1.43,44.07,-24.71,0,0,0,0
158,0,0,-1.47,43.23,-24.69,0,0,0,0
159,0,0,-1.47,42.38,-24.67,0,0,0,0
160,0,0,-1.47,41.53,-24.66,0,0,0,0
161,0,0,-1.48,40.66,-24.64,0,0,0,0
162,0,0,-1.51,39.79,-24.62,0,0,0,0
163,0,0,-1.51,38.91,-24.61,0,0,0,0
164,0,0,-1.54,38.02,-24.59,0,0,0,0
165,0,0,-1.56,37.11,-24.58,0,0,0,0
166,0,0,-1.59,36.20,-24.56,0,0,0,0
167,0,0,-1.59,35.28,-24.55,0,0,0,0
168,0,0,-1.58,34.35,-24.54,0,0,0,0
169,0,0,-1.62,33.41,-24.52,0,0,0,0
170,0,0,-1.64,32.46,-24.51,0,0,0,0
171,0,0,-1.62,31.49,-24.50,0,0,0,0
172,0,0,-1.65,30.52,-24.49,0,0,0,0
173,0,0,-1.71,29.54,-24.47,0,0,0,0
174,0,0,-1.76,28.54,-24.46,0,0,0,0
175,0,0,-1.70,27.53,-24.45,0,0,0,0
176,0,0,-1.79,26.51,-24.44,0,0,0,0
177,0,0,-1.81,25.48,-24.43,0,0,0,0
178,0,0,-1.75,24.44,-24.42,0,0,0,0
179,0,0,-1.80,23.38,-24.41,0,0,0,0
180,0,0,-1.85,22.32,-24.40,0,0,0,0
181,0,0,-1.86,21.24,-24.39,0,0,0,0
182,0,0,-1.85,20.14,-24.38,0,0,0,0
183,0,0,-1.87,19.04,-24.37,0,0,0,0
184,0,0,-1.86,17.92,-24.36,0,0,0,0
185,0,0,-1.91,16.78,-24.35,0,0,0,0
186,0,0,-1.94,15.64,-24.35,0,0,0,0
187,0,0,-1.92,14.48,-24.34,0,0,0,0
188,0,0,-2.00,13.30,-24.33,0,0,0,0
189,0,0,-2.01,12.11,-24.32,0,0,0,0
190,0,0,-2.15,10.91,-24.31,0,0,0,0
191,0,0,-2.24,9.69,-24.30,0,0,0,0
192,0,0,-2.32,8.46,-24.30,0,0,0,0
193,0,0,-2.30,7.21,-24.29,0,0,0,0
194,0,0,-2.16,5.95,-24.28,0,0,0,0
195,0,0,-2.17,4.68,-24.27,0,0,0,0
196,0,0,-2.25,3.38,-24.27,0,0,0,0
197,0,0,-2.24,2.07,-24.26,0,0,0,0
198,0,0,-2.32,0.75,-24.25,0,0,0,0
199,0,0,-1.10,49.79,-8.01,0,0,0,0
200,0,0,-1.10,48.89,-7.99,0,0,0,0
201,0,0,-1.16,47.98,-7.97,0,0,0,0
202,0,0,-1.07,47.07,-7.95,0,0,0,0
203,0,0,-1.08,46.15,-7.92,0,0,0,0
204,0,0,-1.12,45.23,-7.90,0,0,0,0
205,0,0,-1.13,44.30,-7.87,0,0,0,0
206,0,0,-1.14,43.37,-7.85,0,0,0,0
207,0,0,-1.27,42.43,-7.82,0,0,0,0
208,0,0,-1.28,41.48,-7.80,0,0,0,0
209,0,0,-1.22,40.53,-7.77,0,0,0,0
210,0,0,-1.23,39.58,-7.75,0,0,0,0
211,0,0,-0.88,38.62,-7.72,0,0,0,0
212,0,0,-0.88,37.65,-7.69,0,0,0,0
213,0,0,-1.32,36.68,-7.67,0,0,0,0
214,0,0,-1.45,35.71,-7.64,0,0,0,0
215,0,0,-1.56,34.73,-7.61,0,0,0,0
216,0,0,-0.43,33.74,-7.59,0,0,0,0
217,0,0,-0.33,32.75,-7.56,0,0,0,0
218,0,0,-0.72,31.76,-7.54,0,0,0,0
219,0,0,-0.71,30.76,-7.51,0,0,0,0
220,0,0,-1.46,29.76,-7.49,0,0,0,0
221,0,0,-1.55,28.75,-7.46,0,0,0,0
222,0,0,-1.52,27.74,-7.44,0,0,0,0
223,0,0,-0.58,26.72,-7.41,0,0,0,0
224,0,0,-0.12,25.70,-7.39,0,0,0,0
225,0,0,-0.48,24.67,-7.36,0,0,0,0
226,0,0,-0.55,23.64,-7.34,0,0,0,0
227,0,0,-1.42,22.61,-7.32,0,0,0,0
228,0,0,0.00,21.57,-7.30,0,0,0,0
229,0,0,-0.84,20.53,-7.28,0,0,0,0
230,0,0,-1.77,19.49,-7.25,0,0,0,0
231,0,0,-1.11,18.44,-7.23,0,0,0,0
232,0,0,0.00,17.38,-7.21,0,0,0,0
233,0,0,-0.32,16.32,-7.20,0,0,0,0
234,0,0,-1.18,15.26,-7.18,0,0,0,0
235,0,0,-1.67,14.20,-7.16,0,0,0,0
236,0,0,-1.74,13.13,-7.14,0,0,0,0
237,0,0,-1.74,12.06,-7.13,0,0,0,0
238,0,0,-1.87,10.98,-7.12,0,0,0,0
239,0,0,-1.90,9.90,-7.10,0,0,0,0
240,0,0,-1.95,8.82,-7.09,0,0,0,0
241,0,0,-1.79,7.74,-7.08,0,0,0,0
242,0,0,-1.78,6.65,-7.07,0,0,0,0
243,0,0,-1.81,5.55,-7.06,0,0,0,0
244,0,0,-2.04,4.46,-7.05,0,0,0,0
245,0,0,-2.29,3.36,-7.05,0,0,0,0
246,0,0,-1.93,2.26,-7.04,0,0,0,0
247,0,0,-1.80,1.15,-7.04,0,0,0,0
248,0,0,-1.03,49.98,8.56,0,0,0,0
249,0,0,-1.11,48.99,8.59,0,0,0,0
250,0,0,-1.14,47.99,8.62,0,0,0,0
251,0,0,-1.16,46.99,8.66,0,0,0,0
252,0,0,-1.27,45.99,8.69,0,0,0,0
253,0,0,-1.02,44.98,8.72,0,0,0,0
254,0,0,-1.04,43.97,8.75,0,0,0,0
255,0,0,-1.26,42.95,8.78,0,0,0,0
256,0,0,-1.42,41.93,8.81,0,0,0,0
257,0,0,-1.57,40.91,8.84,0,0,0,0
258,0,0,-1.70,39.89,8.87,0,0,0,0
259,0,0,-1.47,38.87,8.90,0,0,0,0
260,0,0,-1.64,37.84,8.93,0,0,0,0
261,0,0,-1.52,36.81,8.96,0,0,0,0
262,0,0,-1.51,35.79,8.99,0,0,0,0
263,0,0,-1.23,34.76,9.01,0,0,0,0
264,0,0,-1.26,33.72,9.04,0,0,0,0
265,0,0,-1.28,32.69,9.06,0,0,0,0
266,0,0,-1.34,31.66,9.09,0,0,0,0
267,0,0,-1.33,30.63,9.11,0,0,0,0
268,0,0,-1.32,29.59,9.14,0,0,0,0
269,0,0,-1.41,28.56,9.16,0,0,0,0
270,0,0,-1.46,27.52,9.18,0,0,0,0
271,0,0,-1.47,26.49,9.20,0,0,0,0
272,0,0,-1.48,25.46,9.23,0,0,0,0
273,0,0,-1.52,24.43,9.25,0,0,0,0
274,0,0,-1.61,23.40,9.27,0,0,0,0
275,0,0,-1.62,22.37,9.28,0,0,0,0
276,0,0,-1.62,21.34,9.30,0,0,0,0
277,0,0,-1.51,20.31,9.32,0,0,0,0
278,0,0,-1.51,19.29,9.34,0,0,0,0
279,0,0,-1.51,18.27,9.36,0,0,0,0
280,0,0,-1.57,17.25,9.37,0,0,0,0
281,0,0,-1.61,16.23,9.39,0,0,0,0
282,0,0,-1.62,15.21,9.40,0,0,0,0
283,0,0,-1.55,14.20,9.42,0,0,0,0
284,0,0,-1.70,13.19,9.43,0,0,0,0
285,0,0,-1.72,12.19,9.44,0,0,0,0
286,0,0,-1.60,11.18,9.46,0,0,0,0
287,0,0,-1.61,10.19,9.47,0,0,0,0
288,0,0,-1.62,9.19,9.48,0,0,0,0
289,0,0,-1.64,8.20,9.49,0,0,0,0
290,0,0,-1.63,7.21,9.50,0,0,0,0
291,0,0,-1.77,6.23,9.51,0,0,0,0
292,0,0,-1.82,5.26,9.52,0,0,0,0
293,0,0,-1.87,4.28,9.52,0,0,0,0
294,0,0,-1.92,3.32,9.53,0,0,0,0
295,0,0,-1.86,2.36,9.54,0,0,0,0
296,0,0,-1.74,1.40,9.54,0,0,0,0
297,0,0,-1.90,-0.46,-8.47,0,0,0,0
298,0,0,-1.89,-0.45,-9.60,0,0,0,0
299,0,0,-1.97,-0.45,-10.71,0,0,0,0
300,0,0,-2.05,-0.46,-11.82,0,0,0,0
301,0,0,-2.08,-0.47,-12.91,0,0,0,0
302,0,0,-1.96,-0.48,-13.98,0,0,0,0
303,0,0,-2.01,-0.49,-15.03,0,0,0,0
304,0,0,-2.04,-0.51,-16.07,0,0,0,0
305,0,0,-2.07,-0.52,-17.08,0,0,0,0
306,0,0,-2.10,-0.53,-18.07,0,0,0,0
307,0,0,-2.13,-0.55,-19.03,0,0,0,0
308,0,0,-2.16,-0.55,-19.96,0,0,0,0
309,0,0,-1.90,-0.18,8.13,0,0,0,0
310,0,0,-1.91,-0.15,7.37,0,0,0,0
311,0,0,-1.81,-0.12,6.47,0,0,0,0
312,0,0,-1.69,-0.11,5.47,0,0,0,0
313,0,0,-1.76,-0.10,4.39,0,0,0,0
314,0,0,-1.74,-0.09,3.25,0,0,0,0
315,0,0,-1.72,-0.10,2.08,0,0,0,0
316,0,0,-1.73,-0.11,0.92,0,0,0,0
317,0,0,-1.76,-0.13,-0.22,0,0,0,0
318,0,0,-1.77,-0.15,-1.31,0,0,0,0
319,0,0,-1.78,-0.18,-2.32,0,0,0,0
320,0,0,-1.80,-0.22,-3.23,0,0,0,0
321,0,0,-0.98,51.49,-4.00,0,0,0,0
322,0,0,-0.99,51.50,-2.92,0,0,0,0
323,0,0,-0.95,51.51,-1.84,0,0,0,0
324,0,0,-0.93,51.52,-0.78,0,0,0,0
325,0,0,-0.90,51.53,0.27,0,0,0,0
326,0,0,-0.88,51.54,1.30,0,0,0,0
327,0,0,-0.86,51.55,2.31,0,0,0,0
328,0,0,-0.87,51.56,3.30,0,0,0,0
329,0,0,-0.86,51.58,4.26,0,0,0,0
330,0,0,-0.85,51.59,5.20,0,0,0,0
331,0,0,-0.90,51.61,6.12,0,0,0,0
332,0,0,-1.00,51.63,7.00,0,0,0,0
333,0,0,-1.27,51.26,-20.68,0,0,0,0
334,0,0,-1.22,51.24,-19.89,0,0,0,0
335,0,0,-1.19,51.22,-19.04,0,0,0,0
336,0,0,-1.20,51.20,-18.14,0,0,0,0
337,0,0,-1.27,51.19,-17.20,0,0,0,0
338,0,0,-1.33,51.17,-16.21,0,0,0,0
339,0,0,-1.28,51.17,-15.19,0,0,0,0
340,0,0,-1.22,51.16,-14.13,0,0,0,0
341,0,0,-1.19,51.16,-13.05,0,0,0,0
342,0,0,-1.10,51.17,-11.94,0,0,0,0
343,0,0,-1.05,51.19,-10.82,0,0,0,0
344,0,0,-1.09,51.21,-9.68,0,0,0,0
345,0,0,-1.05,54.01,-9.66,0,0,0,0
346,0,0,-1.01,53.95,-10.47,0,0,0,0
347,0,0,-1.02,53.91,-11.35,0,0,0,0
348,0,0,-1.06,53.88,-12.28,0,0,0,0
349,0,0,-1.08,53.85,-13.26,0,0,0,0
350,0,0,-1.20,53.83,-14.28,0,0,0,0
351,0,0,-1.25,53.82,-15.33,0,0,0,0
352,0,0,-1.23,53.81,-16.41,0,0,0,0
353,0,0,-1.14,53.80,-17.50,0,0,0,0
354,0,0,-1.16,53.79,-18.61,0,0,0,0
355,0,0,-1.22,53.77,-19.71,0,0,0,0
356,0,0,-1.25,53.76,-20.81,0,0,0,0
357,0,0,-0.92,54.34,6.91,0,0,0,0
358,0,0,-0.91,54.29,5.96,0,0,0,0
359,0,0,-0.83,54.25,4.97,0,0,0,0
360,0,0,-0.85,54.20,3.95,0,0,0,0
361,0,0,-0.86,54.17,2.92,0,0,0,0
362,0,0,-0.87,54.13,1.87,0,0,0,0
363,0,0,-0.89,54.09,0.83,0,0,0,0
364,0,0,-0.91,54.05,-0.21,0,0,0,0
365,0,0,-0.91,54.02,-1.22,0,0,0,0
366,0,0,-0.93,53.98,-2.21,0,0,0,0
367,0,0,-0.96,53.93,-3.17,0,0,0,0
368,0,0,-0.97,53.88,-4.08,0,0,0,0
369,0,0,-2.22,-3.19,-20.13,0,0,0,0
370,0,0,-2.17,-3.17,-19.22,0,0,0,0
371,0,0,-2.14,-3.14,-18.27,0,0,0,0
372,0,0,-2.12,-3.12,-17.28,0,0,0,0
373,0,0,-2.10,-3.10,-16.25,0,0,0,0
374,0,0,-2.05,-3.08,-15.20,0,0,0,0
375,0,0,-2.01,-3.07,-14.11,0,0,0,0
376,0,0,-2.08,-3.05,-13.01,0,0,0,0
377,0,0,-2.06,-3.05,-11.89,0,0,0,0
378,0,0,-2.02,-3.04,-10.75,0,0,0,0
379,0,0,-1.94,-3.04,-9.61,0,0,0,0
380,0,0,-1.90,-3.05,-8.47,0,0,0,0
381,0,0,-1.87,-2.81,-3.55,0,0,0,0
382,0,0,-1.84,-2.78,-2.73,0,0,0,0
383,0,0,-1.81,-2.76,-1.83,0,0,0,0
384,0,0,-1.77,-2.73,-0.86,0,0,0,0
385,0,0,-1.76,-2.71,0.16,0,0,0,0
386,0,0,-1.75,-2.68,1.23,0,0,0,0
387,0,0,-1.79,-2.66,2.33,0,0,0,0
388,0,0,-1.85,-2.64,3.46,0,0,0,0
389,0,0,-1.80,-2.62,4.61,0,0,0,0
390,0,0,-1.88,-2.62,5.77,0,0,0,0
391,0,0,-1.90,-2.62,6.93,0,0,0,0
392,0,0,-1.95,-2.62,8.07,0,0,0,0
393,0,0,-1.80,-0.22,-3.23,0,0,0,0
394,0,0,-1.85,0.07,-4.11,0,0,0,0
395,0,0,-1.85,1.03,-4.81,0,0,0,0
396,0,0,-1.80,-0.22,-3.23,0,0,0,0
397,0,0,-1.85,-0.27,-4.43,0,0,0,0
398,0,0,-1.84,-0.31,-5.51,0,0,0,0
399,0,0,-1.84,-0.34,-6.52,0,0,0,0
400,0,0,-1.86,-0.39,-7.50,0,0,0,0
401,0,0,-1.90,-0.46,-8.47,0,0,0,0
402,0,0,-2.16,-0.55,-19.96,0,0,0,0
403,0,0,-2.21,-0.16,-20.93,0,0,0,0
404,0,0,-2.27,0.71,-21.53,0,0,0,0
405,0,0,-1.33,49.73,-22.08,0,0,0,0
406,0,0,-1.30,50.84,-21.79,0,0,0,0
407,0,0,-1.27,51.26,-20.68,0,0,0,0
408,0,0,-1.09,51.21,-9.68,0,0,0,0
409,0,0,-1.11,50.65,-8.63,0,0,0,0
410,0,0,-1.10,49.79,-8.01,0,0,0,0
411,0,0,-1.09,51.21,-9.68,0,0,0,0
412,0,0,-1.11,51.28,-8.43,0,0,0,0
413,0,0,-1.07,51.33,-7.18,0,0,0,0
414,0,0,-1.02,51.37,-5.98,0,0,0,0
415,0,0,-1.05,51.42,-4.90,0,0,0,0
416,0,0,-0.98,51.49,-4.00,0,0,0,0
417,0,0,-1.00,51.63,7.00,0,0,0,0
418,0,0,-1.09,51.10,8.06,0,0,0,0
419,0,0,-1.03,49.98,8.56,0,0,0,0
420,0,0,-1.74,1.40,9.54,0,0,0,0
421,0,0,-1.81,0.45,9.02,0,0,0,0
422,0,0,-1.90,-0.18,8.13,0,0,0,0
423,0,0,-2.32,0.75,-24.25,0,0,0,0
424,0,0,-2.26,-0.57,-24.09,0,0,0,0
425,0,0,-2.27,-1.59,-23.76,0,0,0,0
426,0,0,-2.28,-2.34,-23.09,0,0,0,0
427,0,0,-2.34,-2.87,-21.93,0,0,0,0
428,0,0,-2.22,-3.19,-20.13,0,0,0,0
429,0,0,-1.90,-3.05,-8.47,0,0,0,0
430,0,0,-1.88,-2.98,-7.16,0,0,0,0
431,0,0,-1.88,-2.93,-5.94,0,0,0,0
432,0,0,-1.87,-2.88,-4.76,0,0,0,0
433,0,0,-1.87,-2.81,-3.55,0,0,0,0
434,0,0,-1.90,-3.05,-8.47,0,0,0,0
435,0,0,-1.87,-2.86,-6.68,0,0,0,0
436,0,0,-1.87,-2.35,-5.56,0,0,0,0
437,0,0,-1.86,-1.54,-4.97,0,0,0,0
438,0,0,-1.85,-0.41,-4.77,0,0,0,0
439,0,0,-1.85,1.03,-4.81,0,0,0,0
440,0,0,-1.95,-2.62,8.07,0,0,0,0
441,0,0,-1.79,-2.42,9.41,0,0,0,0
442,0,0,-1.68,-1.99,10.51,0,0,0,0
443,0,0,-1.75,-1.29,11.33,0,0,0,0
444,0,0,-1.84,-0.27,11.81,0,0,0,0
445,0,0,-1.74,1.11,11.91,0,0,0,0
446,0,0,-0.89,49.98,10.94,0,0,0,0
447,0,0,-0.94,51.58,10.76,0,0,0,0
448,0,0,-0.86,52.82,10.15,0,0,0,0
449,0,0,-0.90,53.70,9.23,0,0,0,0
450,0,0,-0.88,54.20,8.12,0,0,0,0
451,0,0,-0.92,54.34,6.91,0,0,0,0
452,0,0,-0.97,53.88,-4.08,0,0,0,0
453,0,0,-1.02,53.87,-5.00,0,0,0,0
454,0,0,-0.96,53.90,-6.07,0,0,0,0
455,0,0,-1.04,53.95,-7.23,0,0,0,0
456,0,0,-1.07,53.99,-8.45,0,0,0,0
457,0,0,-1.05,54.01,-9.66,0,0,0,0
458,0,0,-0.97,53.88,-4.08,0,0,0,0
459,0,0,-0.98,53.95,-5.53,0,0,0,0
460,0,0,-1.02,53.68,-6.80,0,0,0,0
461,0,0,-1.06,52.97,-7.73,0,0,0,0
462,0,0,-1.09,51.71,-8.19,0,0,0,0
463,0,0,-1.10,49.79,-8.01,0,0,0,0
464,0,0,-1.25,53.76,-20.81,0,0,0,0
465,0,0,-1.28,53.67,-22.33,0,0,0,0
466,0,0,-1.31,53.22,-23.52,0,0,0,0
467,0,0,-1.32,52.41,-24.36,0,0,0,0
468,0,0,-1.34,51.24,-24.82,0,0,0,0
469,0,0,-1.38,49.72,-24.85,0,0,0,0
470,0,0,-1.08,50.03,-5.40,0,0,0,0
471,0,0,-1.05,51.07,-4.90,0,0,0,0
472,0,0,-0.98,51.49,-4.00,0,0,0,0
473,0,0,-1.08,50.03,-5.40,0,0,0,0
474,0,0,-1.03,51.92,-5.51,0,0,0,0
475,0,0,-0.97,53.15,-6.01,0,0,0,0
476,0,0,-1.03,53.83,-6.88,0,0,0,0
477,0,0,-1.05,54.08,-8.10,0,0,0,0
478,0,0,-1.05,54.01,-9.66,0,0,0,0
479,0,0,-1.80,1.15,-7.04,0,0,0,0
480,0,0,-1.86,0.17,-7.44,0,0,0,0
481,0,0,-1.90,-0.46,-8.47,0,0,0,0
482,0,0,-1.80,1.15,-7.04,0,0,0,0
483,0,0,-1.87,-0.52,-6.93,0,0,0,0
484,0,0,-1.84,-1.72,-6.51,0,0,0,0
485,0,0,-1.86,-2.47,-5.81,0,0,0,0
486,0,0,-1.87,-2.82,-4.82,0,0,0,0
487,0,0,-1.87,-2.81,-3.55,0,0,0,0
488,0,0,-1.28,55.00,-26.18,0,0,0,0
489,0,0,-1.33,53.57,-26.15,0,0,0,0
490,0,0,-1.35,52.17,-26.12,0,0,0,0
491,0,0,-1.40,50.79,-26.09,0,0,0,0
492,0,0,-1.45,49.44,-26.06,0,0,0,0
493,0,0,-1.43,48.11,-26.04,0,0,0,0
494,0,0,-1.48,46.80,-26.01,0,0,0,0
495,0,0,-1.49,45.52,-25.99,0,0,0,0
496,0,0,-1.46,44.26,-25.97,0,0,0,0
497,0,0,-1.52,43.02,-25.95,0,0,0,0
498,0,0,-1.50,41.80,-25.93,0,0,0,0
499,0,0,-1.53,40.60,-25.91,0,0,0,0
500,0,0,-1.56,39.43,-25.89,0,0,0,0
501,0,0,-1.56,38.27,-25.87,0,0,0,0
502,0,0,-1.62,37.13,-25.86,0,0,0,0
503,0,0,-1.64,36.01,-25.84,0,0,0,0
504,0,0,-1.63,34.90,-25.83,0,0,0,0
505,0,0,-1.63,33.81,-25.81,0,0,0,0
506,0,0,-1.68,32.74,-25.80,0,0,0,0
507,0,0,-1.65,31.69,-25.79,0,0,0,0
508,0,0,-1.72,30.65,-25.78,0,0,0,0
509,0,0,-1.78,29.62,-25.77,0,0,0,0
510,0,0,-1.81,28.61,-25.76,0,0,0,0
511,0,0,-1.80,27.61,-25.75,0,0,0,0
512,0,0,-1.84,26.62,-25.74,0,0,0,0
513,0,0,-1.88,25.65,-25.73,0,0,0,0
514,0,0,-1.82,24.69,-25.73,0,0,0,0
515,0,0,-1.84,23.73,-25.72,0,0,0,0
516,0,0,-1.85,22.79,-25.72,0,0,0,0
517,0,0,-1.89,21.86,-25.71,0,0,0,0
518,0,0,-1.88,20.94,-25.71,0,0,0,0
519,0,0,-1.85,20.02,-25.70,0,0,0,0
520,0,0,-1.90,19.11,-25.70,0,0,0,0
521,0,0,-1.91,18.21,-25.69,0,0,0,0
522,0,0,-1.90,17.32,-25.69,0,0,0,0
523,0,0,-1.95,16.43,-25.69,0,0,0,0
524,0,0,-1.94,15.55,-25.68,0,0,0,0
525,0,0,-1.95,14.68,-25.68,0,0,0,0
526,0,0,-1.98,13.80,-25.68,0,0,0,0
527,0,0,-2.06,12.93,-25.68,0,0,0,0
528,0,0,-2.06,12.07,-25.67,0,0,0,0
529,0,0,-2.16,11.21,-25.67,0,0,0,0
530,0,0,-2.21,10.34,-25.67,0,0,0,0
531,0,0,-2.30,9.48,-25.67,0,0,0,0
532,0,0,-2.38,8.62,-25.67,0,0,0,0
533,0,0,-2.35,7.76,-25.66,0,0,0,0
534,0,0,-2.22,6.90,-25.66,0,0,0,0
535,0,0,-2.19,6.04,-25.66,0,0,0,0
536,0,0,-2.19,5.18,-25.66,0,0,0,0
537,0,0,-2.23,4.31,-25.66,0,0,0,0
538,0,0,-2.26,3.45,-25.65,0,0,0,0
539,0,0,-2.31,2.57,-25.65,0,0,0,0
540,0,0,-2.32,1.70,-25.65,0,0,0,0
541,0,0,-2.31,0.82,-25.64,0,0,0,0
542,0,0,-2.31,-0.07,-25.64,0,0,0,0
543,0,0,-2.27,-0.96,-25.64,0,0,0,0
544,0,0,-2.38,-1.86,-25.63,0,0,0,0
545,0,0,-2.34,-2.76,-25.63,0,0,0,0
546,0,0,-2.32,-3.68,-25.62,0,0,0,0
547,0,0,-2.33,-4.60,-25.62,0,0,0,0
548,0,0,-2.33,-4.60,-25.62,0,0,0,0
549,0,0,-2.42,-4.58,-24.82,0,0,0,0
550,0,0,-2.39,-4.55,-24.00,0,0,0,0
551,0,0,-2.35,-4.53,-23.14,0,0,0,0
552,0,0,-2.33,-4.50,-22.25,0,0,0,0
553,0,0,-2.33,-4.48,-21.34,0,0,0,0
554,0,0,-2.30,-4.45,-20.40,0,0,0,0
555,0,0,-2.15,-4.42,-19.43,0,0,0,0
556,0,0,-2.10,-4.40,-18.45,0,0,0,0
557,0,0,-2.10,-4.37,-17.44,0,0,0,0
558,0,0,-2.05,-4.34,-16.41,0,0,0,0
559,0,0,-2.02,-4.31,-15.36,0,0,0,0
560,0,0,-2.01,-4.29,-14.30,0,0,0,0
561,0,0,-1.99,-4.26,-13.23,0,0,0,0
562,0,0,-1.90,-4.23,-12.14,0,0,0,0
563,0,0,-1.94,-4.20,-11.04,0,0,0,0
564,0,0,-1.96,-4.18,-9.93,0,0,0,0
565,0,0,-1.93,-4.15,-8.82,0,0,0,0
566,0,0,-1.91,-4.12,-7.70,0,0,0,0
567,0,0,-1.89,-4.10,-6.57,0,0,0,0
568,0,0,-1.87,-4.07,-5.44,0,0,0,0
569,0,0,-1.89,-4.05,-4.32,0,0,0,0
570,0,0,-1.83,-4.02,-3.19,0,0,0,0
571,0,0,-1.81,-4.00,-2.07,0,0,0,0
572,0,0,-1.71,-3.98,-0.95,0,0,0,0
573,0,0,-1.68,-3.96,0.16,0,0,0,0
574,0,0,-1.72,-3.94,1.27,0,0,0,0
575,0,0,-1.78,-3.92,2.36,0,0,0,0
576,0,0,-1.73,-3.91,3.44,0,0,0,0
577,0,0,-1.81,-3.89,4.51,0,0,0,0
578,0,0,-1.78,-3.88,5.56,0,0,0,0
579,0,0,-1.80,-3.87,6.60,0,0,0,0
580,0,0,-1.94,-3.85,7.62,0,0,0,0
581,0,0,-1.99,-3.85,8.62,0,0,0,0
582,0,0,-1.95,-3.84,9.59,0,0,0,0
583,0,0,-1.90,-3.84,10.55,0,0,0,0
584,0,0,-1.89,-3.83,11.47,0,0,0,0
585,0,0,-1.89,-3.83,12.38,0,0,0,0
586,0,0,-1.87,-3.83,13.25,0,0,0,0
587,0,0,-1.87,-3.83,13.25,0,0,0,0
588,0,0,-1.88,-3.00,13.20,0,0,0,0
589,0,0,-1.81,-2.17,13.15,0,0,0,0
590,0,0,-1.84,-1.32,13.11,0,0,0,0
591,0,0,-1.86,-0.46,13.07,0,0,0,0
592,0,0,-1.89,0.40,13.03,0,0,0,0
593,0,0,-1.87,1.27,12.99,0,0,0,0
594,0,0,-1.73,2.15,12.95,0,0,0,0
595,0,0,-1.94,3.04,12.92,0,0,0,0
596,0,0,-2.13,3.94,12.88,0,0,0,0
597,0,0,-1.82,4.84,12.85,0,0,0,0
598,0,0,-1.77,5.75,12.82,0,0,0,0
599,0,0,-1.75,6.67,12.79,0,0,0,0
600,0,0,-1.67,7.60,12.76,0,0,0,0
601,0,0,-1.59,8.54,12.73,0,0,0,0
602,0,0,-1.63,9.48,12.70,0,0,0,0
603,0,0,-1.64,10.43,12.68,0,0,0,0
604,0,0,-1.65,11.38,12.65,0,0,0,0
605,0,0,-1.64,12.34,12.63,0,0,0,0
606,0,0,-1.67,13.31,12.61,0,0,0,0
607,0,0,-1.64,14.29,12.58,0,0,0,0
608,0,0,-1.59,15.27,12.56,0,0,0,0
609,0,0,-1.51,16.26,12.54,0,0,0,0
610,0,0,-1.54,17.25,12.52,0,0,0,0
611,0,0,-1.54,18.25,12.50,0,0,0,0
612,0,0,-1.57,19.25,12.48,0,0,0,0
613,0,0,-1.59,20.26,12.47,0,0,0,0
614,0,0,-1.62,21.28,12.45,0,0,0,0
615,0,0,-1.59,22.30,12.43,0,0,0,0
616,0,0,-1.48,23.33,12.42,0,0,0,0
617,0,0,-1.48,24.36,12.40,0,0,0,0
618,0,0,-1.46,25.40,12.38,0,0,0,0
619,0,0,-1.50,26.44,12.37,0,0,0,0
620,0,0,-1.53,27.48,12.35,0,0,0,0
621,0,0,-1.44,28.53,12.34,0,0,0,0
622,0,0,-1.36,29.59,12.32,0,0,0,0
623,0,0,-1.35,30.65,12.30,0,0,0,0
624,0,0,-1.41,31.71,12.29,0,0,0,0
625,0,0,-1.53,32.78,12.27,0,0,0,0
626,0,0,-1.56,33.85,12.26,0,0,0,0
627,0,0,-1.57,34.92,12.24,0,0,0,0
628,0,0,-1.58,36.00,12.22,0,0,0,0
629,0,0,-1.58,37.08,12.21,0,0,0,0
630,0,0,-1.64,38.17,12.19,0,0,0,0
631,0,0,-1.50,39.25,12.17,0,0,0,0
632,0,0,-1.64,40.34,12.15,0,0,0,0
633,0,0,-1.41,41.44,12.14,0,0,0,0
634,0,0,-1.30,42.53,12.12,0,0,0,0
635,0,0,-1.10,43.63,12.10,0,0,0,0
636,0,0,-1.15,44.73,12.08,0,0,0,0
637,0,0,-1.23,45.84,12.05,0,0,0,0
638,0,0,-1.14,46.94,12.03,0,0,0,0
639,0,0,-1.11,48.05,12.01,0,0,0,0
640,0,0,-1.09,49.16,11.98,0,0,0,0
641,0,0,-1.04,50.27,11.96,0,0,0,0
642,0,0,-0.97,51.38,11.93,0,0,0,0
643,0,0,-0.87,52.49,11.91,0,0,0,0
644,0,0,-0.91,53.61,11.88,0,0,0,0
645,0,0,-0.80,54.73,11.85,0,0,0,0
646,0,0,-0.88,55.84,11.82,0,0,0,0
647,0,0,-0.88,55.84,11.82,0,0,0,0
648,0,0,-0.88,55.82,11.09,0,0,0,0
649,0,0,-0.88,55.80,10.33,0,0,0,0
650,0,0,-0.88,55.78,9.54,0,0,0,0
651,0,0,-0.93,55.76,8.73,0,0,0,0
652,0,0,-0.93,55.73,7.89,0,0,0,0
653,0,0,-0.86,55.70,7.04,0,0,0,0
654,0,0,-0.85,55.67,6.15,0,0,0,0
655,0,0,-0.82,55.65,5.25,0,0,0,0
656,0,0,-0.80,55.61,4.33,0,0,0,0
657,0,0,-0.80,55.58,3.38,0,0,0,0
658,0,0,-0.83,55.55,2.42,0,0,0,0
659,0,0,-0.83,55.52,1.45,0,0,0,0
660,0,0,-0.86,55.49,0.45,0,0,0,0
661,0,0,-0.86,55.45,-0.55,0,0,0,0
662,0,0,-0.89,55.42,-1.58,0,0,0,0
663,0,0,-0.91,55.39,-2.61,0,0,0,0
664,0,0,-0.92,55.36,-3.65,0,0,0,0
665,0,0,-0.98,55.32,-4.71,0,0,0,0
666,0,0,-0.95,55.29,-5.77,0,0,0,0
667,0,0,-1.02,55.26,-6.84,0,0,0,0
668,0,0,-1.03,55.23,-7.92,0,0,0,0
669,0,0,-1.07,55.20,-9.00,0,0,0,0
670,0,0,-1.01,55.18,-10.09,0,0,0,0
671,0,0,-1.03,55.15,-11.18,0,0,0,0
672,0,0,-1.09,55.12,-12.28,0,0,0,0
673,0,0,-1.14,55.10,-13.37,0,0,0,0
674,0,0,-1.16,55.08,-14.47,0,0,0,0
675,0,0,-1.23,55.06,-15.56,0,0,0,0
676,0,0,-1.13,55.04,-16.65,0,0,0,0
677,0,0,-1.08,55.03,-17.74,0,0,0,0
678,0,0,-1.11,55.01,-18.82,0,0,0,0
679,0,0,-1.19,55.00,-19.90,0,0,0,0
680,0,0,-1.23,54.99,-20.97,0,0,0,0
681,0,0,-1.25,54.99,-22.03,0,0,0,0
682,0,0,-1.27,54.99,-23.09,0,0,0,0
683,0,0,-1.29,54.99,-24.13,0,0,0,0
684,0,0,-1.30,54.99,-25.16,0,0,0,0
685,0,0,-1.28,55.00,-26.18,0,0,0,0
686,0,0,-1.24,49.84,-20.84,0,0,0,0
687,0,0,-1.27,48.99,-20.82,0,0,0,0
688,0,0,-1.30,48.12,-20.81,0,0,0,0
689,0,0,-1.33,47.23,-20.79,0,0,0,0
690,0,0,-1.35,46.34,-20.78,0,0,0,0
691,0,0,-1.39,45.43,-20.76,0,0,0,0
692,0,0,-1.41,44.51,-20.75,0,0,0,0
693,0,0,-1.39,43.57,-20.73,0,0,0,0
694,0,0,-1.41,42.63,-20.72,0,0,0,0
695,0,0,-1.39,41.68,-20.70,0,0,0,0
696,0,0,-1.40,40.71,-20.69,0,0,0,0
697,0,0,-1.43,39.74,-20.68,0,0,0,0
698,0,0,-1.45,38.76,-20.66,0,0,0,0
699,0,0,-1.45,37.77,-20.65,0,0,0,0
700,0,0,-1.48,36.77,-20.64,0,0,0,0
701,0,0,-1.50,35.77,-20.62,0,0,0,0
702,0,0,-1.50,34.75,-20.61,0,0,0,0
703,0,0,-1.52,33.73,-20.60,0,0,0,0
704,0,0,-1.57,32.71,-20.59,0,0,0,0
705,0,0,-1.53,31.68,-20.57,0,0,0,0
706,0,0,-1.54,30.64,-20.56,0,0,0,0
707,0,0,-1.61,29.60,-20.55,0,0,0,0
708,0,0,-1.64,28.56,-20.54,0,0,0,0
709,0,0,-1.61,27.51,-20.52,0,0,0,0
710,0,0,-1.78,26.46,-20.51,0,0,0,0
711,0,0,-1.70,25.41,-20.50,0,0,0,0
712,0,0,-1.71,24.36,-20.49,0,0,0,0
713,0,0,-1.73,23.30,-20.47,0,0,0,0
714,0,0,-1.74,22.25,-20.46,0,0,0,0
715,0,0,-1.79,21.19,-20.45,0,0,0,0
716,0,0,-1.78,20.13,-20.44,0,0,0,0
717,0,0,-1.78,19.08,-20.43,0,0,0,0
718,0,0,-1.80,18.02,-20.41,0,0,0,0
719,0,0,-1.85,16.97,-20.40,0,0,0,0
720,0,0,-1.88,15.91,-20.39,0,0,0,0
721,0,0,-1.85,14.87,-20.37,0,0,0,0
722,0,0,-1.89,13.82,-20.36,0,0,0,0
723,0,0,-1.92,12.78,-20.35,0,0,0,0
724,0,0,-1.92,11.74,-20.33,0,0,0,0
725,0,0,-2.01,10.70,-20.32,0,0,0,0
726,0,0,-2.07,9.68,-20.31,0,0,0,0
727,0,0,-2.08,8.65,-20.29,0,0,0,0
728,0,0,-2.19,7.63,-20.28,0,0,0,0
729,0,0,-2.08,6.62,-20.26,0,0,0,0
730,0,0,-2.07,5.62,-20.25,0,0,0,0
731,0,0,-2.11,4.62,-20.23,0,0,0,0
732,0,0,-2.11,3.63,-20.22,0,0,0,0
733,0,0,-2.13,2.65,-20.20,0,0,0,0
734,0,0,-2.16,1.68,-20.19,0,0,0,0
735,0,0,-2.14,0.72,-20.17,0,0,0,0
736,0,0,-2.14,0.72,-20.17,0,0,0,0
737,0,0,-2.12,0.73,-19.12,0,0,0,0
738,0,0,-2.09,0.73,-18.05,0,0,0,0
739,0,0,-2.05,0.74,-16.95,0,0,0,0
740,0,0,-2.04,0.75,-15.84,0,0,0,0
741,0,0,-1.99,0.77,-14.73,0,0,0,0
742,0,0,-2.01,0.79,-13.62,0,0,0,0
743,0,0,-2.07,0.81,-12.52,0,0,0,0
744,0,0,-1.98,0.83,-11.45,0,0,0,0
745,0,0,-1.91,0.86,-10.40,0,0,0,0
746,0,0,-1.89,0.88,-9.39,0,0,0,0
747,0,0,-1.87,0.91,-8.43,0,0,0,0
748,0,0,-1.87,0.91,-8.43,0,0,0,0
749,0,0,-1.86,1.57,-8.44,0,0,0,0
750,0,0,-1.98,2.26,-8.45,0,0,0,0
751,0,0,-2.31,2.96,-8.46,0,0,0,0
752,0,0,-2.31,3.68,-8.47,0,0,0,0
753,0,0,-2.29,4.43,-8.48,0,0,0,0
754,0,0,-2.16,5.19,-8.49,0,0,0,0
755,0,0,-2.00,5.98,-8.49,0,0,0,0
756,0,0,-1.90,6.78,-8.50,0,0,0,0
757,0,0,-1.82,7.61,-8.51,0,0,0,0
758,0,0,-1.90,8.45,-8.52,0,0,0,0
759,0,0,-1.94,9.31,-8.52,0,0,0,0
760,0,0,-1.78,10.19,-8.53,0,0,0,0
761,0,0,-1.83,11.08,-8.54,0,0,0,0
762,0,0,-1.76,11.99,-8.55,0,0,0,0
763,0,0,-1.75,12.91,-8.56,0,0,0,0
764,0,0,-1.72,13.85,-8.56,0,0,0,0
765,0,0,-1.65,14.81,-8.57,0,0,0,0
766,0,0,-1.64,15.78,-8.58,0,0,0,0
767,0,0,-0.40,16.76,-8.59,0,0,0,0
768,0,0,-1.25,17.75,-8.60,0,0,0,0
769,0,0,-1.80,18.76,-8.61,0,0,0,0
770,0,0,-1.81,19.78,-8.62,0,0,0,0
771,0,0,-0.34,20.81,-8.63,0,0,0,0
772,0,0,-0.55,21.85,-8.64,0,0,0,0
773,0,0,-1.42,22.90,-8.66,0,0,0,0
774,0,0,-0.54,23.97,-8.67,0,0,0,0
775,0,0,-0.05,25.04,-8.69,0,0,0,0
776,0,0,-0.42,26.12,-8.70,0,0,0,0
777,0,0,-0.43,27.20,-8.72,0,0,0,0
778,0,0,-1.58,28.30,-8.73,0,0,0,0
779,0,0,-1.51,29.40,-8.75,0,0,0,0
780,0,0,-1.01,30.51,-8.77,0,0,0,0
781,0,0,-0.27,31.63,-8.79,0,0,0,0
782,0,0,-0.75,32.75,-8.82,0,0,0,0
783,0,0,-1.64,33.88,-8.84,0,0,0,0
784,0,0,-1.67,35.01,-8.86,0,0,0,0
785,0,0,-1.82,36.15,-8.89,0,0,0,0
786,0,0,-1.33,37.29,-8.92,0,0,0,0
787,0,0,-1.27,38.43,-8.95,0,0,0,0
788,0,0,-1.26,39.57,-8.98,0,0,0,0
789,0,0,-1.25,40.72,-9.01,0,0,0,0
790,0,0,-1.35,41.87,-9.05,0,0,0,0
791,0,0,-1.38,43.02,-9.09,0,0,0,0
792,0,0,-1.16,44.17,-9.12,0,0,0,0
793,0,0,-1.13,45.32,-9.16,0,0,0,0
794,0,0,-1.16,46.47,-9.21,0,0,0,0
795,0,0,-1.17,47.62,-9.25,0,0,0,0
796,0,0,-1.15,48.76,-9.30,0,0,0,0
797,0,0,-1.12,49.91,-9.35,0,0,0,0
798,0,0,-1.12,49.91,-9.35,0,0,0,0
799,0,0,-1.11,49.91,-10.53,0,0,0,0
800,0,0,-1.10,49.91,-11.69,0,0,0,0
801,0,0,-1.20,49.92,-12.82,0,0,0,0
802,0,0,-1.16,49.91,-13.91,0,0,0,0
803,0,0,-1.26,49.91,-14.99,0,0,0,0
804,0,0,-1.33,49.91,-16.03,0,0,0,0
805,0,0,-1.29,49.90,-17.05,0,0,0,0
806,0,0,-1.23,49.89,-18.04,0,0,0,0
807,0,0,-1.18,49.88,-19.00,0,0,0,0
808,0,0,-1.20,49.86,-19.93,0,0,0,0
809,0,0,-1.24,49.84,-20.84,0,0,0,0
810,0,0,-1.02,50.06,-4.09,0,0,0,0
811,0,0,-0.98,49.01,-4.10,0,0,0,0
812,0,0,-0.98,47.94,-4.11,0,0,0,0
813,0,0,-1.04,46.87,-4.12,0,0,0,0
814,0,0,-1.06,45.79,-4.12,0,0,0,0
815,0,0,-1.09,44.70,-4.13,0,0,0,0
816,0,0,-1.11,43.61,-4.13,0,0,0,0
817,0,0,-1.22,42.52,-4.14,0,0,0,0
818,0,0,-1.24,41.41,-4.14,0,0,0,0
819,0,0,-1.20,40.31,-4.15,0,0,0,0
820,0,0,-1.20,39.20,-4.15,0,0,0,0
821,0,0,-1.20,38.09,-4.15,0,0,0,0
822,0,0,-1.28,36.98,-4.16,0,0,0,0
823,0,0,-1.38,35.87,-4.16,0,0,0,0
824,0,0,-1.30,34.76,-4.16,0,0,0,0
825,0,0,-1.11,33.64,-4.16,0,0,0,0
826,0,0,-0.97,32.53,-4.16,0,0,0,0
827,0,0,-1.09,31.42,-4.16,0,0,0,0
828,0,0,-1.41,30.31,-4.16,0,0,0,0
829,0,0,-1.47,29.20,-4.16,0,0,0,0
830,0,0,-1.55,28.10,-4.16,0,0,0,0
831,0,0,-1.10,27.00,-4.15,0,0,0,0
832,0,0,-0.83,25.90,-4.15,0,0,0,0
833,0,0,-1.04,24.81,-4.15,0,0,0,0
834,0,0,-1.48,23.73,-4.14,0,0,0,0
835,0,0,-1.50,22.65,-4.13,0,0,0,0
836,0,0,-1.06,21.58,-4.13,0,0,0,0
837,0,0,-0.79,20.52,-4.12,0,0,0,0
838,0,0,-1.59,19.46,-4.11,0,0,0,0
839,0,0,-1.39,18.42,-4.10,0,0,0,0
840,0,0,-1.42,17.38,-4.09,0,0,0,0
841,0,0,-1.45,16.35,-4.08,0,0,0,0
842,0,0,-1.57,15.34,-4.07,0,0,0,0
843,0,0,-1.59,14.34,-4.06,0,0,0,0
844,0,0,-1.59,13.34,-4.05,0,0,0,0
845,0,0,-1.63,12.36,-4.03,0,0,0,0
846,0,0,-1.79,11.40,-4.02,0,0,0,0
847,0,0,-1.87,10.45,-4.00,0,0,0,0
848,0,0,-1.91,9.51,-3.99,0,0,0,0
849,0,0,-1.85,8.59,-3.97,0,0,0,0
850,0,0,-1.72,7.68,-3.95,0,0,0,0
851,0,0,-1.73,6.79,-3.93,0,0,0,0
852,0,0,-1.80,5.92,-3.91,0,0,0,0
853,0,0,-2.17,5.06,-3.89,0,0,0,0
854,0,0,-2.24,4.23,-3.87,0,0,0,0
855,0,0,-1.90,3.41,-3.85,0,0,0,0
856,0,0,-1.80,2.61,-3.82,0,0,0,0
857,0,0,-1.81,1.83,-3.80,0,0,0,0
858,0,0,-1.83,1.07,-3.77,0,0,0,0
859,0,0,-1.83,1.07,-3.77,0,0,0,0
860,0,0,-1.77,1.11,-2.76,0,0,0,0
861,0,0,-1.78,1.14,-1.71,0,0,0,0
862,0,0,-1.77,1.16,-0.62,0,0,0,0
863,0,0,-1.74,1.18,0.49,0,0,0,0
864,0,0,-1.72,1.20,1.62,0,0,0,0
865,0,0,-1.70,1.21,2.75,0,0,0,0
866,0,0,-1.76,1.21,3.87,0,0,0,0
867,0,0,-1.67,1.21,4.98,0,0,0,0
868,0,0,-1.78,1.21,6.05,0,0,0,0
869,0,0,-1.73,1.21,7.09,0,0,0,0
870,0,0,-1.79,1.21,8.08,0,0,0,0
871,0,0,-1.79,1.21,8.08,0,0,0,0
872,0,0,-1.84,1.93,8.08,0,0,0,0
873,0,0,-1.93,2.69,8.07,0,0,0,0
874,0,0,-1.96,3.49,8.07,0,0,0,0
875,0,0,-1.91,4.32,8.06,0,0,0,0
876,0,0,-1.86,5.20,8.05,0,0,0,0
877,0,0,-1.82,6.11,8.04,0,0,0,0
878,0,0,-1.64,7.06,8.03,0,0,0,0
879,0,0,-1.65,8.03,8.01,0,0,0,0
880,0,0,-1.64,9.03,8.00,0,0,0,0
881,0,0,-1.63,10.07,7.98,0,0,0,0
882,0,0,-1.62,11.12,7.96,0,0,0,0
883,0,0,-1.68,12.20,7.94,0,0,0,0
884,0,0,-1.56,13.31,7.92,0,0,0,0
885,0,0,-1.58,14.43,7.90,0,0,0,0
886,0,0,-1.64,15.57,7.88,0,0,0,0
887,0,0,-1.57,16.72,7.86,0,0,0,0
888,0,0,-1.53,17.89,7.84,0,0,0,0
889,0,0,-1.51,19.07,7.82,0,0,0,0
890,0,0,-1.51,20.26,7.79,0,0,0,0
891,0,0,-1.57,21.45,7.77,0,0,0,0
892,0,0,-1.67,22.66,7.74,0,0,0,0
893,0,0,-1.55,23.86,7.72,0,0,0,0
894,0,0,-1.56,25.07,7.69,0,0,0,0
895,0,0,-1.51,26.28,7.67,0,0,0,0
896,0,0,-1.51,27.49,7.64,0,0,0,0
897,0,0,-1.39,28.69,7.62,0,0,0,0
898,0,0,-1.30,29.88,7.59,0,0,0,0
899,0,0,-1.32,31.07,7.57,0,0,0,0
900,0,0,-1.34,32.25,7.54,0,0,0,0
901,0,0,-1.28,33.42,7.52,0,0,0,0
902,0,0,-1.26,34.57,7.49,0,0,0,0
903,0,0,-1.47,35.71,7.47,0,0,0,0
904,0,0,-1.53,36.83,7.44,0,0,0,0
905,0,0,-1.67,37.93,7.42,0,0,0,0
906,0,0,-1.51,39.01,7.40,0,0,0,0
907,0,0,-1.73,40.07,7.38,0,0,0,0
908,0,0,-1.58,41.10,7.35,0,0,0,0
909,0,0,-1.55,42.10,7.33,0,0,0,0
910,0,0,-1.24,43.07,7.31,0,0,0,0
911,0,0,-1.06,44.01,7.30,0,0,0,0
912,0,0,-1.15,44.92,7.28,0,0,0,0
913,0,0,-1.28,45.80,7.26,0,0,0,0
914,0,0,-1.22,46.63,7.25,0,0,0,0
915,0,0,-1.18,47.43,7.23,0,0,0,0
916,0,0,-1.18,48.19,7.22,0,0,0,0
917,0,0,-1.15,48.90,7.21,0,0,0,0
918,0,0,-1.14,49.57,7.20,0,0,0,0
919,0,0,-1.14,50.19,7.19,0,0,0,0
920,0,0,-1.14,50.19,7.19,0,0,0,0
921,0,0,-0.86,50.22,6.04,0,0,0,0
922,0,0,-0.84,50.23,4.91,0,0,0,0
923,0,0,-0.88,50.22,3.82,0,0,0,0
924,0,0,-0.86,50.21,2.74,0,0,0,0
925,0,0,-0.86,50.18,1.69,0,0,0,0
926,0,0,-0.89,50.15,0.67,0,0,0,0
927,0,0,-0.92,50.12,-0.33,0,0,0,0
928,0,0,-0.93,50.09,-1.31,0,0,0,0
929,0,0,-0.98,50.07,-2.26,0,0,0,0
930,0,0,-1.01,50.06,-3.19,0,0,0,0
931,0,0,-1.02,50.06,-4.09,0,0,0,0
932,0,0,-1.35,49.88,-23.36,0,0,0,0
933,0,0,-1.36,49.01,-23.34,0,0,0,0
934,0,0,-1.34,48.10,-23.32,0,0,0,0
935,0,0,-1.40,47.17,-23.30,0,0,0,0
936,0,0,-1.44,46.22,-23.28,0,0,0,0
937,0,0,-1.45,45.24,-23.26,0,0,0,0
938,0,0,-1.39,44.23,-23.24,0,0,0,0
939,0,0,-1.44,43.21,-23.23,0,0,0,0
940,0,0,-1.45,42.16,-23.21,0,0,0,0
941,0,0,-1.44,41.10,-23.19,0,0,0,0
942,0,0,-1.47,40.02,-23.18,0,0,0,0
943,0,0,-1.48,38.92,-23.17,0,0,0,0
944,0,0,-1.49,37.81,-23.15,0,0,0,0
945,0,0,-1.51,36.68,-23.14,0,0,0,0
946,0,0,-1.54,35.55,-23.13,0,0,0,0
947,0,0,-1.54,34.40,-23.12,0,0,0,0
948,0,0,-1.62,33.25,-23.11,0,0,0,0
949,0,0,-1.58,32.09,-23.10,0,0,0,0
950,0,0,-1.61,30.93,-23.09,0,0,0,0
951,0,0,-1.65,29.76,-23.08,0,0,0,0
952,0,0,-1.73,28.59,-23.07,0,0,0,0
953,0,0,-1.72,27.42,-23.07,0,0,0,0
954,0,0,-1.79,26.25,-23.06,0,0,0,0
955,0,0,-1.68,25.09,-23.05,0,0,0,0
956,0,0,-1.71,23.93,-23.04,0,0,0,0
957,0,0,-1.73,22.77,-23.04,0,0,0,0
958,0,0,-1.78,21.62,-23.03,0,0,0,0
959,0,0,-1.83,20.48,-23.02,0,0,0,0
960,0,0,-1.82,19.35,-23.02,0,0,0,0
961,0,0,-1.83,18.24,-23.01,0,0,0,0
962,0,0,-1.84,17.13,-23.01,0,0,0,0
963,0,0,-1.93,16.04,-23.00,0,0,0,0
964,0,0,-1.89,14.97,-22.99,0,0,0,0
965,0,0,-1.91,13.92,-22.99,0,0,0,0
966,0,0,-2.01,12.88,-22.98,0,0,0,0
967,0,0,-1.99,11.87,-22.98,0,0,0,0
968,0,0,-2.13,10.88,-22.97,0,0,0,0
969,0,0,-2.17,9.91,-22.96,0,0,0,0
970,0,0,-2.26,8.97,-22.96,0,0,0,0
971,0,0,-2.32,8.05,-22.95,0,0,0,0
972,0,0,-2.33,7.16,-22.95,0,0,0,0
973,0,0,-2.18,6.31,-22.94,0,0,0,0
974,0,0,-2.13,5.48,-22.93,0,0,0,0
975,0,0,-2.15,4.69,-22.92,0,0,0,0
976,0,0,-2.18,3.93,-22.92,0,0,0,0
977,0,0,-2.22,3.21,-22.91,0,0,0,0
978,0,0,-2.21,2.53,-22.90,0,0,0,0
979,0,0,-2.21,1.89,-22.89,0,0,0,0
980,0,0,-2.28,1.29,-22.88,0,0,0,0
981,0,0,-2.29,0.73,-22.87,0,0,0,0
982,0,0,-1.06,49.85,-6.61,0,0,0,0
983,0,0,-1.07,49.11,-6.60,0,0,0,0
984,0,0,-1.09,48.32,-6.58,0,0,0,0
985,0,0,-1.08,47.50,-6.57,0,0,0,0
986,0,0,-1.06,46.65,-6.56,0,0,0,0
987,0,0,-1.07,45.76,-6.55,0,0,0,0
988,0,0,-1.08,44.85,-6.53,0,0,0,0
989,0,0,-1.14,43.90,-6.52,0,0,0,0
990,0,0,-1.16,42.93,-6.51,0,0,0,0
991,0,0,-1.32,41.93,-6.49,0,0,0,0
992,0,0,-1.20,40.91,-6.48,0,0,0,0
993,0,0,-1.05,39.86,-6.46,0,0,0,0
994,0,0,0.00,38.80,-6.44,0,0,0,0
995,0,0,-1.07,37.71,-6.43,0,0,0,0
996,0,0,-1.33,36.61,-6.41,0,0,0,0
997,0,0,-1.51,35.50,-6.40,0,0,0,0
998,0,0,-0.60,34.37,-6.38,0,0,0,0
999,0,0,0.00,33.22,-6.36,0,0,0,0
1000,0,0,-0.84,32.07,-6.34,0,0,0,0
1001,0,0,-1.07,30.91,-6.33,0,0,0,0
1002,0,0,-1.47,29.74,-6.31,0,0,0,0
1003,0,0,-1.54,28.57,-6.29,0,0,0,0
1004,0,0,-0.61,27.39,-6.27,0,0,0,0
1005,0,0,0.00,26.21,-6.26,0,0,0,0
1006,0,0,0.00,25.03,-6.24,0,0,0,0
1007,0,0,-0.23,23.85,-6.22,0,0,0,0
1008,0,0,-1.21,22.68,-6.20,0,0,0,0
1009,0,0,-0.77,21.51,-6.18,0,0,0,0
1010,0,0,-1.17,20.34,-6.16,0,0,0,0
1011,0,0,-1.12,19.19,-6.15,0,0,0,0
1012,0,0,-1.32,18.04,-6.13,0,0,0,0
1013,0,0,0.00,16.91,-6.11,0,0,0,0
1014,0,0,-0.34,15.79,-6.09,0,0,0,0
1015,0,0,-1.61,14.68,-6.07,0,0,0,0
1016,0,0,-1.70,13.59,-6.06,0,0,0,0
1017,0,0,-1.68,12.52,-6.04,0,0,0,0
1018,0,0,-1.76,11.47,-6.02,0,0,0,0
1019,0,0,-1.79,10.44,-6.00,0,0,0,0
1020,0,0,-1.86,9.43,-5.99,0,0,0,0
1021,0,0,-1.85,8.45,-5.97,0,0,0,0
1022,0,0,-1.75,7.50,-5.95,0,0,0,0
1023,0,0,-1.75,6.57,-5.93,0,0,0,0
1024,0,0,-1.91,5.68,-5.92,0,0,0,0
1025,0,0,-2.24,4.81,-5.90,0,0,0,0
1026,0,0,-2.26,3.98,-5.89,0,0,0,0
1027,0,0,-2.28,3.19,-5.87,0,0,0,0
1028,0,0,-2.00,2.43,-5.86,0,0,0,0
1029,0,0,-1.80,1.71,-5.84,0,0,0,0
1030,0,0,-1.79,1.03,-5.83,0,0,0,0
1031,0,0,-0.89,49.93,9.86,0,0,0,0
1032,0,0,-1.04,49.19,9.87,0,0,0,0
1033,0,0,-1.09,48.42,9.89,0,0,0,0
1034,0,0,-1.10,47.62,9.90,0,0,0,0
1035,0,0,-1.16,46.80,9.91,0,0,0,0
1036,0,0,-1.24,45.95,9.92,0,0,0,0
1037,0,0,-1.23,45.08,9.94,0,0,0,0
1038,0,0,-1.05,44.18,9.95,0,0,0,0
1039,0,0,-1.22,43.26,9.97,0,0,0,0
1040,0,0,-1.34,42.32,9.99,0,0,0,0
1041,0,0,-1.47,41.36,10.01,0,0,0,0
1042,0,0,-1.64,40.38,10.02,0,0,0,0
1043,0,0,-1.53,39.39,10.04,0,0,0,0
1044,0,0,-1.56,38.37,10.06,0,0,0,0
1045,0,0,-1.54,37.34,10.08,0,0,0,0
1046,0,0,-1.56,36.30,10.10,0,0,0,0
1047,0,0,-1.58,35.25,10.12,0,0,0,0
1048,0,0,-1.31,34.18,10.14,0,0,0,0
1049,0,0,-1.25,33.10,10.16,0,0,0,0
1050,0,0,-1.34,32.01,10.18,0,0,0,0
1051,0,0,-1.32,30.92,10.21,0,0,0,0
1052,0,0,-1.31,29.81,10.23,0,0,0,0
1053,0,0,-1.43,28.70,10.25,0,0,0,0
1054,0,0,-1.47,27.59,10.27,0,0,0,0
1055,0,0,-1.47,26.47,10.29,0,0,0,0
1056,0,0,-1.49,25.34,10.31,0,0,0,0
1057,0,0,-1.50,24.22,10.33,0,0,0,0
1058,0,0,-1.50,23.09,10.35,0,0,0,0
1059,0,0,-1.66,21.97,10.37,0,0,0,0
1060,0,0,-1.60,20.85,10.39,0,0,0,0
1061,0,0,-1.57,19.73,10.41,0,0,0,0
1062,0,0,-1.52,18.61,10.43,0,0,0,0
1063,0,0,-1.49,17.50,10.45,0,0,0,0
1064,0,0,-1.60,16.40,10.47,0,0,0,0
1065,0,0,-1.58,15.30,10.49,0,0,0,0
1066,0,0,-1.55,14.21,10.50,0,0,0,0
1067,0,0,-1.69,13.13,10.52,0,0,0,0
1068,0,0,-1.62,12.06,10.54,0,0,0,0
1069,0,0,-1.57,11.01,10.55,0,0,0,0
1070,0,0,-1.61,9.96,10.56,0,0,0,0
1071,0,0,-1.60,8.94,10.58,0,0,0,0
1072,0,0,-1.63,7.92,10.59,0,0,0,0
1073,0,0,-1.73,6.92,10.60,0,0,0,0
1074,0,0,-1.79,5.94,10.61,0,0,0,0
1075,0,0,-1.80,4.98,10.62,0,0,0,0
1076,0,0,-1.86,4.04,10.63,0,0,0,0
1077,0,0,-1.93,3.12,10.63,0,0,0,0
1078,0,0,-1.83,2.22,10.64,0,0,0,0
1079,0,0,-1.74,1.35,10.64,0,0,0,0
1080,0,0,-2.25,-1.92,-20.22,0,0,0,0
1081,0,0,-2.22,-1.88,-19.14,0,0,0,0
1082,0,0,-2.11,-1.84,-18.07,0,0,0,0
1083,0,0,-2.08,-1.81,-17.00,0,0,0,0
1084,0,0,-2.08,-1.79,-15.93,0,0,0,0
1085,0,0,-2.05,-1.77,-14.86,0,0,0,0
1086,0,0,-2.02,-1.77,-13.80,0,0,0,0
1087,0,0,-2.08,-1.76,-12.74,0,0,0,0
1088,0,0,-2.06,-1.76,-11.67,0,0,0,0
1089,0,0,-1.99,-1.77,-10.61,0,0,0,0
1090,0,0,-1.93,-1.77,-9.55,0,0,0,0
1091,0,0,-1.89,-1.78,-8.48,0,0,0,0
1092,0,0,-1.84,-1.54,-3.62,0,0,0,0
1093,0,0,-1.82,-1.51,-2.60,0,0,0,0
1094,0,0,-1.79,-1.48,-1.55,0,0,0,0
1095,0,0,-1.78,-1.45,-0.47,0,0,0,0
1096,0,0,-1.75,-1.42,0.62,0,0,0,0
1097,0,0,-1.74,-1.40,1.73,0,0,0,0
1098,0,0,-1.73,-1.38,2.83,0,0,0,0
1099,0,0,-1.84,-1.37,3.93,0,0,0,0
1100,0,0,-1.71,-1.36,5.01,0,0,0,0
1101,0,0,-1.86,-1.36,6.07,0,0,0,0
1102,0,0,-1.86,-1.38,7.11,0,0,0,0
1103,0,0,-1.85,-1.40,8.10,0,0,0,0
1104,0,0,-1.26,52.40,-20.86,0,0,0,0
1105,0,0,-1.22,52.38,-19.94,0,0,0,0
1106,0,0,-1.17,52.37,-18.96,0,0,0,0
1107,0,0,-1.14,52.37,-17.93,0,0,0,0
1108,0,0,-1.21,52.37,-16.86,0,0,0,0
1109,0,0,-1.29,52.37,-15.78,0,0,0,0
1110,0,0,-1.24,52.38,-14.68,0,0,0,0
1111,0,0,-1.13,52.40,-13.58,0,0,0,0
1112,0,0,-1.08,52.42,-12.50,0,0,0,0
1113,0,0,-1.06,52.45,-11.44,0,0,0,0
1114,0,0,-1.07,52.49,-10.43,0,0,0,0
1115,0,0,-1.07,52.53,-9.46,0,0,0,0
1116,0,0,-0.96,52.63,-4.13,0,0,0,0
1117,0,0,-0.96,52.66,-2.94,0,0,0,0
1118,0,0,-0.93,52.67,-1.80,0,0,0,0
1119,0,0,-0.92,52.69,-0.71,0,0,0,0
1120,0,0,-0.90,52.70,0.34,0,0,0,0
1121,0,0,-0.87,52.72,1.35,0,0,0,0
1122,0,0,-0.86,52.73,2.34,0,0,0,0
1123,0,0,-0.86,52.75,3.30,0,0,0,0
1124,0,0,-0.85,52.77,4.25,0,0,0,0
1125,0,0,-0.84,52.80,5.19,0,0,0,0
1126,0,0,-0.91,52.84,6.12,0,0,0,0
1127,0,0,-0.85,52.88,7.05,0,0,0,0
1128,0,0,-1.24,49.84,-20.84,0,0,0,0
1129,0,0,-1.28,48.85,-20.84,0,0,0,0
1130,0,0,-1.31,47.84,-20.83,0,0,0,0
1131,0,0,-1.34,46.82,-20.83,0,0,0,0
1132,0,0,-1.38,45.78,-20.82,0,0,0,0
1133,0,0,-1.40,44.74,-20.81,0,0,0,0
1134,0,0,-1.40,43.68,-20.81,0,0,0,0
1135,0,0,-1.41,42.61,-20.80,0,0,0,0
1136,0,0,-1.39,41.54,-20.79,0,0,0,0
1137,0,0,-1.42,40.45,-20.78,0,0,0,0
1138,0,0,-1.44,39.36,-20.77,0,0,0,0
1139,0,0,-1.47,38.27,-20.76,0,0,0,0
1140,0,0,-1.45,37.16,-20.75,0,0,0,0
1141,0,0,-1.50,36.06,-20.74,0,0,0,0
1142,0,0,-1.52,34.95,-20.72,0,0,0,0
1143,0,0,-1.51,33.83,-20.71,0,0,0,0
1144,0,0,-1.57,32.72,-20.70,0,0,0,0
1145,0,0,-1.54,31.61,-20.68,0,0,0,0
1146,0,0,-1.55,30.49,-20.67,0,0,0,0
1147,0,0,-1.64,29.38,-20.66,0,0,0,0
1148,0,0,-1.67,28.26,-20.64,0,0,0,0
1149,0,0,-1.66,27.15,-20.63,0,0,0,0
1150,0,0,-1.79,26.05,-20.61,0,0,0,0
1151,0,0,-1.68,24.94,-20.60,0,0,0,0
1152,0,0,-1.72,23.85,-20.58,0,0,0,0
1153,0,0,-1.74,22.76,-20.56,0,0,0,0
1154,0,0,-1.78,21.67,-20.55,0,0,0,0
1155,0,0,-1.78,20.60,-20.53,0,0,0,0
1156,0,0,-1.78,19.53,-20.52,0,0,0,0
1157,0,0,-1.78,18.47,-20.50,0,0,0,0
1158,0,0,-1.82,17.42,-20.48,0,0,0,0
1159,0,0,-1.88,16.39,-20.47,0,0,0,0
1160,0,0,-1.86,15.37,-20.45,0,0,0,0
1161,0,0,-1.87,14.36,-20.43,0,0,0,0
1162,0,0,-1.91,13.36,-20.41,0,0,0,0
1163,0,0,-1.91,12.38,-20.40,0,0,0,0
1164,0,0,-1.95,11.42,-20.38,0,0,0,0
1165,0,0,-2.02,10.47,-20.36,0,0,0,0
1166,0,0,-2.06,9.54,-20.35,0,0,0,0
1167,0,0,-2.07,8.63,-20.33,0,0,0,0
1168,0,0,-2.20,7.73,-20.31,0,0,0,0
1169,0,0,-2.08,6.86,-20.30,0,0,0,0
1170,0,0,-2.06,6.01,-20.28,0,0,0,0
1171,0,0,-2.08,5.18,-20.26,0,0,0,0
1172,0,0,-2.11,4.38,-20.25,0,0,0,0
1173,0,0,-2.11,3.59,-20.23,0,0,0,0
1174,0,0,-2.12,2.84,-20.22,0,0,0,0
1175,0,0,-2.15,2.11,-20.20,0,0,0,0
1176,0,0,-2.15,1.40,-20.19,0,0,0,0
1177,0,0,-2.14,0.72,-20.17,0,0,0,0
1178,0,0,-2.14,0.72,-20.17,0,0,0,0
1179,0,0,-2.12,0.75,-19.13,0,0,0,0
1180,0,0,-2.09,0.77,-18.08,0,0,0,0
1181,0,0,-2.04,0.79,-17.04,0,0,0,0
1182,0,0,-2.04,0.81,-15.98,0,0,0,0
1183,0,0,-2.00,0.82,-14.93,0,0,0,0
1184,0,0,-1.98,0.83,-13.86,0,0,0,0
1185,0,0,-2.09,0.85,-12.79,0,0,0,0
1186,0,0,-2.02,0.86,-11.72,0,0,0,0
1187,0,0,-1.92,0.88,-10.63,0,0,0,0
1188,0,0,-1.89,0.89,-9.53,0,0,0,0
1189,0,0,-1.87,0.91,-8.43,0,0,0,0
1190,0,0,-1.87,0.91,-8.43,0,0,0,0
1191,0,0,-1.86,1.76,-8.45,0,0,0,0
1192,0,0,-2.16,2.63,-8.47,0,0,0,0
1193,0,0,-2.31,3.52,-8.49,0,0,0,0
1194,0,0,-2.29,4.43,-8.51,0,0,0,0
1195,0,0,-2.09,5.36,-8.53,0,0,0,0
1196,0,0,-2.02,6.31,-8.55,0,0,0,0
1197,0,0,-1.82,7.27,-8.57,0,0,0,0
1198,0,0,-1.86,8.25,-8.59,0,0,0,0
1199,0,0,-1.96,9.24,-8.60,0,0,0,0
1200,0,0,-1.78,10.24,-8.62,0,0,0,0
1201,0,0,-1.84,11.26,-8.64,0,0,0,0
1202,0,0,-1.77,12.29,-8.65,0,0,0,0
1203,0,0,-1.73,13.33,-8.67,0,0,0,0
1204,0,0,-1.69,14.38,-8.68,0,0,0,0
1205,0,0,-1.64,15.44,-8.70,0,0,0,0
1206,0,0,-0.81,16.51,-8.71,0,0,0,0
1207,0,0,-0.97,17.58,-8.73,0,0,0,0
1208,0,0,-1.80,18.66,-8.74,0,0,0,0
1209,0,0,-1.81,19.74,-8.75,0,0,0,0
1210,0,0,-0.30,20.83,-8.77,0,0,0,0
1211,0,0,-0.33,21.92,-8.78,0,0,0,0
1212,0,0,-1.58,23.02,-8.80,0,0,0,0
1213,0,0,-0.11,24.11,-8.81,0,0,0,0
1214,0,0,-0.25,25.21,-8.82,0,0,0,0
1215,0,0,-0.23,26.30,-8.84,0,0,0,0
1216,0,0,-0.63,27.40,-8.85,0,0,0,0
1217,0,0,-1.58,28.49,-8.87,0,0,0,0
1218,0,0,-1.50,29.57,-8.88,0,0,0,0
1219,0,0,-0.63,30.66,-8.90,0,0,0,0
1220,0,0,-0.11,31.73,-8.91,0,0,0,0
1221,0,0,-0.97,32.81,-8.93,0,0,0,0
1222,0,0,-1.69,33.87,-8.95,0,0,0,0
1223,0,0,-1.68,34.92,-8.96,0,0,0,0
1224,0,0,-1.89,35.97,-8.98,0,0,0,0
1225,0,0,-1.35,37.01,-9.00,0,0,0,0
1226,0,0,-1.30,38.03,-9.02,0,0,0,0
1227,0,0,-1.22,39.04,-9.04,0,0,0,0
1228,0,0,-1.27,40.04,-9.06,0,0,0,0
1229,0,0,-1.24,41.03,-9.08,0,0,0,0
1230,0,0,-1.37,42.00,-9.10,0,0,0,0
1231,0,0,-1.38,42.95,-9.13,0,0,0,0
1232,0,0,-1.19,43.89,-9.15,0,0,0,0
1233,0,0,-1.14,44.81,-9.17,0,0,0,0
1234,0,0,-1.12,45.71,-9.20,0,0,0,0
1235,0,0,-1.17,46.60,-9.23,0,0,0,0
1236,0,0,-1.17,47.46,-9.26,0,0,0,0
1237,0,0,-1.15,48.30,-9.28,0,0,0,0
1238,0,0,-1.15,49.11,-9.32,0,0,0,0
1239,0,0,-1.12,49.91,-9.35,0,0,0,0
1240,0,0,-1.12,49.91,-9.35,0,0,0,0
1241,0,0,-1.11,49.93,-10.45,0,0,0,0
1242,0,0,-1.10,49.94,-11.56,0,0,0,0
1243,0,0,-1.18,49.94,-12.68,0,0,0,0
1244,0,0,-1.17,49.94,-13.79,0,0,0,0
1245,0,0,-1.25,49.93,-14.88,0,0,0,0
1246,0,0,-1.33,49.91,-15.96,0,0,0,0
1247,0,0,-1.29,49.90,-17.01,0,0,0,0
1248,0,0,-1.23,49.88,-18.04,0,0,0,0
1249,0,0,-1.19,49.87,-19.02,0,0,0,0
1250,0,0,-1.20,49.85,-19.96,0,0,0,0
1251,0,0,-1.24,49.84,-20.84,0,0,0,0
1252,0,0,-1.02,50.06,-4.09,0,0,0,0
1253,0,0,-0.99,49.28,-4.09,0,0,0,0
1254,0,0,-0.98,48.49,-4.09,0,0,0,0
1255,0,0,-1.00,47.68,-4.09,0,0,0,0
1256,0,0,-1.04,46.86,-4.10,0,0,0,0
1257,0,0,-1.05,46.02,-4.10,0,0,0,0
1258,0,0,-1.08,45.17,-4.10,0,0,0,0
1259,0,0,-1.09,44.31,-4.11,0,0,0,0
1260,0,0,-1.11,43.43,-4.11,0,0,0,0
1261,0,0,-1.22,42.54,-4.12,0,0,0,0
1262,0,0,-1.27,41.64,-4.12,0,0,0,0
1263,0,0,-1.18,40.72,-4.13,0,0,0,0
1264,0,0,-1.20,39.80,-4.13,0,0,0,0
1265,0,0,-1.20,38.86,-4.14,0,0,0,0
1266,0,0,-1.20,37.91,-4.15,0,0,0,0
1267,0,0,-1.29,36.95,-4.15,0,0,0,0
1268,0,0,-1.35,35.98,-4.16,0,0,0,0
1269,0,0,-1.37,35.00,-4.16,0,0,0,0
1270,0,0,-1.11,34.01,-4.17,0,0,0,0
1271,0,0,-1.15,33.01,-4.18,0,0,0,0
1272,0,0,-1.00,32.00,-4.18,0,0,0,0
1273,0,0,-1.16,30.98,-4.18,0,0,0,0
1274,0,0,-1.43,29.95,-4.19,0,0,0,0
1275,0,0,-1.49,28.91,-4.19,0,0,0,0
1276,0,0,-1.54,27.87,-4.19,0,0,0,0
1277,0,0,-1.12,26.81,-4.20,0,0,0,0
1278,0,0,-0.72,25.75,-4.20,0,0,0,0
1279,0,0,-1.11,24.68,-4.19,0,0,0,0
1280,0,0,-1.48,23.61,-4.19,0,0,0,0
1281,0,0,-1.50,22.53,-4.19,0,0,0,0
1282,0,0,-0.94,21.44,-4.18,0,0,0,0
1283,0,0,-1.08,20.34,-4.18,0,0,0,0
1284,0,0,-1.57,19.24,-4.17,0,0,0,0
1285,0,0,-1.30,18.14,-4.16,0,0,0,0
1286,0,0,-1.34,17.03,-4.15,0,0,0,0
1287,0,0,-1.50,15.91,-4.14,0,0,0,0
1288,0,0,-1.57,14.79,-4.12,0,0,0,0
1289,0,0,-1.60,13.66,-4.11,0,0,0,0
1290,0,0,-1.61,12.53,-4.09,0,0,0,0
1291,0,0,-1.79,11.40,-4.07,0,0,0,0
1292,0,0,-1.87,10.26,-4.05,0,0,0,0
1293,0,0,-1.93,9.12,-4.02,0,0,0,0
1294,0,0,-1.71,7.98,-3.99,0,0,0,0
1295,0,0,-1.73,6.83,-3.96,0,0,0,0
1296,0,0,-1.90,5.68,-3.93,0,0,0,0
1297,0,0,-2.21,4.53,-3.89,0,0,0,0
1298,0,0,-1.90,3.38,-3.86,0,0,0,0
1299,0,0,-1.80,2.23,-3.82,0,0,0,0
1300,0,0,-1.83,1.07,-3.77,0,0,0,0
1301,0,0,-1.83,1.07,-3.77,0,0,0,0
1302,0,0,-1.77,1.09,-2.89,0,0,0,0
1303,0,0,-1.77,1.11,-1.94,0,0,0,0
1304,0,0,-1.79,1.13,-0.93,0,0,0,0
1305,0,0,-1.74,1.15,0.14,0,0,0,0
1306,0,0,-1.73,1.16,1.24,0,0,0,0
1307,0,0,-1.71,1.18,2.37,0,0,0,0
1308,0,0,-1.73,1.19,3.52,0,0,0,0
1309,0,0,-1.71,1.20,4.67,0,0,0,0
1310,0,0,-1.75,1.21,5.83,0,0,0,0
1311,0,0,-1.72,1.21,6.97,0,0,0,0
1312,0,0,-1.79,1.21,8.08,0,0,0,0
1313,0,0,-1.79,1.21,8.08,0,0,0,0
1314,0,0,-1.85,2.04,8.08,0,0,0,0
1315,0,0,-1.95,2.87,8.08,0,0,0,0
1316,0,0,-1.95,3.73,8.08,0,0,0,0
1317,0,0,-1.89,4.59,8.08,0,0,0,0
1318,0,0,-1.85,5.47,8.07,0,0,0,0
1319,0,0,-1.77,6.36,8.07,0,0,0,0
1320,0,0,-1.65,7.27,8.06,0,0,0,0
1321,0,0,-1.65,8.18,8.05,0,0,0,0
1322,0,0,-1.64,9.11,8.04,0,0,0,0
1323,0,0,-1.64,10.05,8.03,0,0,0,0
1324,0,0,-1.61,10.99,8.02,0,0,0,0
1325,0,0,-1.71,11.95,8.01,0,0,0,0
1326,0,0,-1.58,12.92,7.99,0,0,0,0
1327,0,0,-1.55,13.90,7.98,0,0,0,0
1328,0,0,-1.62,14.89,7.96,0,0,0,0
1329,0,0,-1.65,15.89,7.95,0,0,0,0
1330,0,0,-1.54,16.89,7.93,0,0,0,0
1331,0,0,-1.53,17.90,7.91,0,0,0,0
1332,0,0,-1.51,18.92,7.89,0,0,0,0
1333,0,0,-1.50,19.95,7.87,0,0,0,0
1334,0,0,-1.54,20.99,7.85,0,0,0,0
1335,0,0,-1.63,22.03,7.83,0,0,0,0
1336,0,0,-1.65,23.08,7.81,0,0,0,0
1337,0,0,-1.55,24.13,7.79,0,0,0,0
1338,0,0,-1.55,25.19,7.76,0,0,0,0
1339,0,0,-1.51,26.25,7.74,0,0,0,0
1340,0,0,-1.51,27.32,7.72,0,0,0,0
1341,0,0,-1.43,28.40,7.69,0,0,0,0
1342,0,0,-1.32,29.47,7.67,0,0,0,0
1343,0,0,-1.33,30.56,7.64,0,0,0,0
1344,0,0,-1.33,31.64,7.62,0,0,0,0
1345,0,0,-1.30,32.73,7.59,0,0,0,0
1346,0,0,-1.27,33.82,7.57,0,0,0,0
1347,0,0,-1.28,34.91,7.54,0,0,0,0
1348,0,0,-1.53,36.00,7.51,0,0,0,0
1349,0,0,-1.54,37.09,7.49,0,0,0,0
1350,0,0,-1.64,38.19,7.46,0,0,0,0
1351,0,0,-1.57,39.29,7.44,0,0,0,0
1352,0,0,-1.68,40.38,7.41,0,0,0,0
1353,0,0,-1.58,41.48,7.38,0,0,0,0
1354,0,0,-1.40,42.57,7.36,0,0,0,0
1355,0,0,-1.12,43.67,7.33,0,0,0,0
1356,0,0,-1.12,44.76,7.31,0,0,0,0
1357,0,0,-1.28,45.85,7.28,0,0,0,0
1358,0,0,-1.19,46.94,7.26,0,0,0,0
1359,0,0,-1.18,48.03,7.23,0,0,0,0
1360,0,0,-1.15,49.11,7.21,0,0,0,0
1361,0,0,-1.14,50.19,7.19,0,0,0,0
1362,0,0,-1.14,50.19,7.19,0,0,0,0
1363,0,0,-0.91,50.22,6.22,0,0,0,0
1364,0,0,-0.83,50.23,5.19,0,0,0,0
1365,0,0,-0.87,50.23,4.11,0,0,0,0
1366,0,0,-0.86,50.22,3.01,0,0,0,0
1367,0,0,-0.86,50.20,1.90,0,0,0,0
1368,0,0,-0.89,50.18,0.79,0,0,0,0
1369,0,0,-0.92,50.15,-0.30,0,0,0,0
1370,0,0,-0.94,50.13,-1.35,0,0,0,0
1371,0,0,-0.98,50.10,-2.34,0,0,0,0
1372,0,0,-1.01,50.08,-3.26,0,0,0,0
1373,0,0,-1.02,50.06,-4.09,0,0,0,0
1374,0,0,-1.28,55.00,-26.18,0,0,0,0
1375,0,0,-1.32,54.07,-26.15,0,0,0,0
1376,0,0,-1.35,53.15,-26.12,0,0,0,0
1377,0,0,-1.35,52.23,-26.09,0,0,0,0
1378,0,0,-1.37,51.30,-26.06,0,0,0,0
1379,0,0,-1.41,50.38,-26.03,0,0,0,0
1380,0,0,-1.45,49.45,-26.01,0,0,0,0
1381,0,0,-1.45,48.52,-25.99,0,0,0,0
1382,0,0,-1.45,47.59,-25.96,0,0,0,0
1383,0,0,-1.48,46.66,-25.94,0,0,0,0
1384,0,0,-1.49,45.72,-25.92,0,0,0,0
1385,0,0,-1.48,44.79,-25.90,0,0,0,0
1386,0,0,-1.46,43.85,-25.88,0,0,0,0
1387,0,0,-1.52,42.91,-25.87,0,0,0,0
1388,0,0,-1.50,41.96,-25.85,0,0,0,0
1389,0,0,-1.51,41.02,-25.84,0,0,0,0
1390,0,0,-1.54,40.07,-25.82,0,0,0,0
1391,0,0,-1.56,39.12,-25.81,0,0,0,0
1392,0,0,-1.55,38.17,-25.80,0,0,0,0
1393,0,0,-1.61,37.21,-25.79,0,0,0,0
1394,0,0,-1.63,36.25,-25.78,0,0,0,0
1395,0,0,-1.63,35.29,-25.77,0,0,0,0
1396,0,0,-1.62,34.32,-25.76,0,0,0,0
1397,0,0,-1.66,33.36,-25.75,0,0,0,0
1398,0,0,-1.66,32.38,-25.75,0,0,0,0
1399,0,0,-1.66,31.41,-25.74,0,0,0,0
1400,0,0,-1.74,30.43,-25.73,0,0,0,0
1401,0,0,-1.78,29.45,-25.73,0,0,0,0
1402,0,0,-1.80,28.46,-25.72,0,0,0,0
1403,0,0,-1.80,27.47,-25.72,0,0,0,0
1404,0,0,-1.85,26.47,-25.72,0,0,0,0
1405,0,0,-1.86,25.48,-25.71,0,0,0,0
1406,0,0,-1.83,24.47,-25.71,0,0,0,0
1407,0,0,-1.84,23.47,-25.71,0,0,0,0
1408,0,0,-1.87,22.45,-25.70,0,0,0,0
1409,0,0,-1.88,21.44,-25.70,0,0,0,0
1410,0,0,-1.86,20.42,-25.70,0,0,0,0
1411,0,0,-1.89,19.39,-25.70,0,0,0,0
1412,0,0,-1.91,18.36,-25.70,0,0,0,0
1413,0,0,-1.90,17.33,-25.69,0,0,0,0
1414,0,0,-1.96,16.29,-25.69,0,0,0,0
1415,0,0,-1.93,15.24,-25.69,0,0,0,0
1416,0,0,-1.96,14.19,-25.69,0,0,0,0
1417,0,0,-2.05,13.13,-25.69,0,0,0,0
1418,0,0,-2.06,12.07,-25.69,0,0,0,0
1419,0,0,-2.18,11.00,-25.68,0,0,0,0
1420,0,0,-2.24,9.93,-25.68,0,0,0,0
1421,0,0,-2.38,8.85,-25.68,0,0,0,0
1422,0,0,-2.35,7.76,-25.68,0,0,0,0
1423,0,0,-2.21,6.67,-25.67,0,0,0,0
1424,0,0,-2.19,5.57,-25.67,0,0,0,0
1425,0,0,-2.22,4.47,-25.67,0,0,0,0
1426,0,0,-2.26,3.36,-25.66,0,0,0,0
1427,0,0,-2.32,2.24,-25.66,0,0,0,0
1428,0,0,-2.31,1.12,-25.65,0,0,0,0
1429,0,0,-2.32,-0.01,-25.65,0,0,0,0
1430,0,0,-2.29,-1.15,-25.64,0,0,0,0
1431,0,0,-2.37,-2.29,-25.63,0,0,0,0
1432,0,0,-2.32,-3.44,-25.62,0,0,0,0
1433,0,0,-2.33,-4.60,-25.62,0,0,0,0
1434,0,0,-2.33,-4.60,-25.62,0,0,0,0
1435,0,0,-2.42,-4.58,-24.83,0,0,0,0
1436,0,0,-2.39,-4.57,-24.00,0,0,0,0
1437,0,0,-2.36,-4.55,-23.14,0,0,0,0
1438,0,0,-2.33,-4.52,-22.26,0,0,0,0
1439,0,0,-2.33,-4.50,-21.34,0,0,0,0
1440,0,0,-2.30,-4.48,-20.40,0,0,0,0
1441,0,0,-2.15,-4.45,-19.43,0,0,0,0
1442,0,0,-2.10,-4.42,-18.44,0,0,0,0
1443,0,0,-2.10,-4.40,-17.42,0,0,0,0
1444,0,0,-2.05,-4.37,-16.39,0,0,0,0
1445,0,0,-2.02,-4.34,-15.34,0,0,0,0
1446,0,0,-2.01,-4.31,-14.27,0,0,0,0
1447,0,0,-1.98,-4.28,-13.19,0,0,0,0
1448,0,0,-1.90,-4.25,-12.09,0,0,0,0
1449,0,0,-1.94,-4.22,-10.99,0,0,0,0
1450,0,0,-1.96,-4.19,-9.87,0,0,0,0
1451,0,0,-1.93,-4.16,-8.75,0,0,0,0
1452,0,0,-1.91,-4.13,-7.62,0,0,0,0
1453,0,0,-1.89,-4.10,-6.49,0,0,0,0
1454,0,0,-1.87,-4.07,-5.36,0,0,0,0
1455,0,0,-1.89,-4.04,-4.23,0,0,0,0
1456,0,0,-1.82,-4.01,-3.10,0,0,0,0
1457,0,0,-1.81,-3.99,-1.97,0,0,0,0
1458,0,0,-1.71,-3.96,-0.85,0,0,0,0
1459,0,0,-1.68,-3.94,0.26,0,0,0,0
1460,0,0,-1.74,-3.92,1.37,0,0,0,0
1461,0,0,-1.77,-3.90,2.46,0,0,0,0
1462,0,0,-1.74,-3.88,3.54,0,0,0,0
1463,0,0,-1.81,-3.87,4.61,0,0,0,0
1464,0,0,-1.78,-3.85,5.66,0,0,0,0
1465,0,0,-1.81,-3.84,6.69,0,0,0,0
1466,0,0,-1.95,-3.83,7.70,0,0,0,0
1467,0,0,-1.99,-3.82,8.69,0,0,0,0
1468,0,0,-1.95,-3.82,9.66,0,0,0,0
1469,0,0,-1.90,-3.82,10.60,0,0,0,0
1470,0,0,-1.89,-3.82,11.51,0,0,0,0
1471,0,0,-1.90,-3.83,12.39,0,0,0,0
1472,0,0,-1.87,-3.83,13.25,0,0,0,0
1473,0,0,-1.87,-3.83,13.25,0,0,0,0
1474,0,0,-1.88,-3.01,13.20,0,0,0,0
1475,0,0,-1.81,-2.17,13.16,0,0,0,0
1476,0,0,-1.84,-1.31,13.12,0,0,0,0
1477,0,0,-1.86,-0.45,13.08,0,0,0,0
1478,0,0,-1.89,0.43,13.04,0,0,0,0
1479,0,0,-1.86,1.32,13.00,0,0,0,0
1480,0,0,-1.74,2.21,12.97,0,0,0,0
1481,0,0,-1.96,3.12,12.93,0,0,0,0
1482,0,0,-2.12,4.04,12.90,0,0,0,0
1483,0,0,-1.81,4.97,12.86,0,0,0,0
1484,0,0,-1.76,5.91,12.83,0,0,0,0
1485,0,0,-1.75,6.86,12.80,0,0,0,0
1486,0,0,-1.64,7.82,12.77,0,0,0,0
1487,0,0,-1.58,8.78,12.74,0,0,0,0
1488,0,0,-1.66,9.76,12.71,0,0,0,0
1489,0,0,-1.64,10.74,12.68,0,0,0,0
1490,0,0,-1.64,11.73,12.66,0,0,0,0
1491,0,0,-1.65,12.73,12.63,0,0,0,0
1492,0,0,-1.66,13.73,12.61,0,0,0,0
1493,0,0,-1.62,14.74,12.58,0,0,0,0
1494,0,0,-1.55,15.76,12.56,0,0,0,0
1495,0,0,-1.53,16.78,12.53,0,0,0,0
1496,0,0,-1.53,17.81,12.51,0,0,0,0
1497,0,0,-1.56,18.85,12.49,0,0,0,0
1498,0,0,-1.58,19.89,12.47,0,0,0,0
1499,0,0,-1.61,20.93,12.45,0,0,0,0
1500,0,0,-1.64,21.98,12.43,0,0,0,0
1501,0,0,-1.48,23.03,12.41,0,0,0,0
1502,0,0,-1.48,24.09,12.39,0,0,0,0
1503,0,0,-1.48,25.15,12.37,0,0,0,0
1504,0,0,-1.47,26.21,12.35,0,0,0,0
1505,0,0,-1.54,27.27,12.33,0,0,0,0
1506,0,0,-1.45,28.34,12.31,0,0,0,0
1507,0,0,-1.38,29.41,12.29,0,0,0,0
1508,0,0,-1.34,30.48,12.28,0,0,0,0
1509,0,0,-1.39,31.56,12.26,0,0,0,0
1510,0,0,-1.51,32.63,12.24,0,0,0,0
1511,0,0,-1.56,33.70,12.22,0,0,0,0
1512,0,0,-1.57,34.78,12.21,0,0,0,0
1513,0,0,-1.58,35.85,12.19,0,0,0,0
1514,0,0,-1.58,36.93,12.17,0,0,0,0
1515,0,0,-1.64,38.00,12.15,0,0,0,0
1516,0,0,-1.47,39.07,12.14,0,0,0,0
1517,0,0,-1.68,40.15,12.12,0,0,0,0
1518,0,0,-1.45,41.22,12.10,0,0,0,0
1519,0,0,-1.34,42.28,12.08,0,0,0,0
1520,0,0,-1.18,43.35,12.06,0,0,0,0
1521,0,0,-1.09,44.41,12.05,0,0,0,0
1522,0,0,-1.23,45.47,12.03,0,0,0,0
1523,0,0,-1.18,46.53,12.01,0,0,0,0
1524,0,0,-1.12,47.58,11.99,0,0,0,0
1525,0,0,-1.10,48.63,11.97,0,0,0,0
1526,0,0,-1.06,49.68,11.95,0,0,0,0
1527,0,0,-1.05,50.72,11.93,0,0,0,0
1528,0,0,-0.89,51.76,11.91,0,0,0,0
1529,0,0,-0.89,52.79,11.89,0,0,0,0
1530,0,0,-0.91,53.81,11.86,0,0,0,0
1531,0,0,-0.79,54.83,11.84,0,0,0,0
1532,0,0,-0.88,55.84,11.82,0,0,0,0
1533,0,0,-0.88,55.84,11.82,0,0,0,0
1534,0,0,-0.88,55.81,11.09,0,0,0,0
1535,0,0,-0.87,55.77,10.31,0,0,0,0
1536,0,0,-0.87,55.74,9.49,0,0,0,0
1537,0,0,-0.93,55.70,8.62,0,0,0,0
1538,0,0,-0.93,55.67,7.71,0,0,0,0
1539,0,0,-0.85,55.63,6.76,0,0,0,0
1540,0,0,-0.85,55.60,5.77,0,0,0,0
1541,0,0,-0.81,55.57,4.75,0,0,0,0
1542,0,0,-0.80,55.54,3.70,0,0,0,0
1543,0,0,-0.83,55.51,2.63,0,0,0,0
1544,0,0,-0.84,55.48,1.53,0,0,0,0
1545,0,0,-0.86,55.45,0.41,0,0,0,0
1546,0,0,-0.87,55.42,-0.73,0,0,0,0
1547,0,0,-0.90,55.40,-1.88,0,0,0,0
1548,0,0,-0.94,55.37,-3.04,0,0,0,0
1549,0,0,-0.95,55.35,-4.22,0,0,0,0
1550,0,0,-0.96,55.32,-5.39,0,0,0,0
1551,0,0,-1.01,55.30,-6.58,0,0,0,0
1552,0,0,-1.03,55.27,-7.76,0,0,0,0
1553,0,0,-1.07,55.25,-8.94,0,0,0,0
1554,0,0,-1.01,55.23,-10.11,0,0,0,0
1555,0,0,-1.04,55.21,-11.27,0,0,0,0
1556,0,0,-1.10,55.19,-12.42,0,0,0,0
1557,0,0,-1.13,55.17,-13.56,0,0,0,0
1558,0,0,-1.18,55.15,-14.67,0,0,0,0
1559,0,0,-1.23,55.14,-15.77,0,0,0,0
1560,0,0,-1.07,55.12,-16.84,0,0,0,0
1561,0,0,-1.09,55.10,-17.89,0,0,0,0
1562,0,0,-1.11,55.09,-18.90,0,0,0,0
1563,0,0,-1.19,55.08,-19.88,0,0,0,0
1564,0,0,-1.22,55.06,-20.83,0,0,0,0
1565,0,0,-1.23,55.05,-21.73,0,0,0,0
1566,0,0,-1.26,55.04,-22.60,0,0,0,0
1567,0,0,-1.27,55.03,-23.42,0,0,0,0
1568,0,0,-1.28,55.02,-24.19,0,0,0,0
1569,0,0,-1.30,55.01,-24.91,0,0,0,0
1570,0,0,-1.29,55.00,-25.57,0,0,0,0
1571,0,0,-1.28,55.00,-26.18,0,0,0,0
