ID,LID,LinkID
1,622,0
2,623,0
3,624,0
4,625,0
5,626,0
6,627,0
7,628,0
8,629,0
9,630,0
10,631,0
11,632,0
12,633,0
13,634,0
14,635,0
15,636,0
16,637,0
17,638,0
18,639,0
19,640,0
20,641,0
21,642,0
22,643,0
23,644,0
24,645,0
25,646,0
26,647,0
27,648,0
28,649,0
29,650,0
30,651,0
31,652,0
32,653,0
33,654,0
34,655,0
35,656,0
36,657,0
37,658,0
38,659,0
39,660,0
40,661,0
41,662,0
42,663,0
43,664,0
44,665,0
45,666,0
46,667,0
47,668,0
48,669,0
49,670,0
50,671,0
51,672,0
52,673,0
53,674,0
54,675,0
55,676,0
56,677,0
57,678,0
58,679,0
59,680,0
60,681,0
61,682,0
62,683,0
63,684,0
64,685,0
65,686,0
66,687,0
67,688,0
68,689,0
69,690,0
70,691,0
71,692,0
72,693,0
73,694,0
74,695,0
75,696,0
76,697,0
77,698,0
78,699,0
79,700,0
80,701,0
81,702,0
82,703,0
83,704,0
84,705,0
85,706,0
86,707,0
87,708,0
88,709,0
89,710,0
90,711,0
91,712,0
92,713,0
93,714,0
94,715,0
95,716,0
96,717,0
97,718,0
98,719,0
99,720,0
100,721,0
101,722,0
102,723,0
103,724,0
104,725,0
105,726,0
106,727,0
107,728,0
108,729,0
109,730,0
110,731,0
111,732,0
112,733,0
113,734,0
114,735,0
115,736,0
116,737,0
117,738,0
118,739,0
119,740,0
120,741,0
121,742,0
122,743,0
123,744,0
124,745,0
125,746,0
126,747,0
127,748,0
128,749,0
129,750,0
130,751,0
131,752,0
132,753,0
133,754,0
134,755,0
135,756,0
136,757,0
137,758,0
138,759,0
139,760,0
140,761,0
141,762,0
142,763,0
143,764,0
144,765,0
145,766,0
146,767,0
147,768,0
148,769,0
149,770,0
150,771,0
151,772,0
152,773,0
153,774,0
154,775,0
155,776,0
156,777,0
157,778,0
158,779,0
159,780,0
160,781,0
161,782,0
162,783,0
163,784,0
164,785,0
165,786,0
166,787,0
167,788,0
168,789,0
169,790,0
170,791,0
171,792,0
172,793,0
173,794,0
174,795,0
175,796,0
176,797,0
177,798,0
178,799,0
179,800,0
180,801,0
181,802,0
182,803,0
183,804,0
184,805,0
185,806,0
186,807,0
187,808,0
188,809,0
189,810,0
190,811,0
191,812,0
192,813,0
193,814,0
194,815,0
195,816,0
196,817,0
197,818,0
198,819,0
199,820,0
200,821,0
201,822,0
202,823,0
203,824,0
204,825,0
205,826,0
206,827,0
207,828,0
208,829,0
209,830,0
210,831,0
211,832,0
212,833,0
213,834,0
214,835,0
215,836,0
216,837,0
217,838,0
218,839,0
219,840,0
220,841,0
221,842,0
222,843,0
223,844,0
224,845,0
225,846,0
226,847,0
227,848,0
228,849,0
229,850,0
230,851,0
231,852,0
232,853,0
233,854,0
234,855,0
235,856,0
236,857,0
237,858,0
238,859,0
239,860,0
240,861,0
241,862,0
242,863,0
243,864,0
244,865,0
245,866,0
246,867,0
247,868,0
248,869,0
249,870,0
250,871,0
251,872,0
252,873,0
253,874,0
254,875,0
255,876,0
256,877,0
257,878,0
258,879,0
259,880,0
260,881,0
261,882,0
262,883,0
263,884,0
264,885,0
265,886,0
266,887,0
267,888,0
268,889,0
269,890,0
270,891,0
271,892,0
272,893,0
273,894,0
274,895,0
275,896,0
276,897,0
277,898,0
278,899,0
279,900,0
280,901,0
281,902,0
282,903,0
283,904,0
284,905,0
285,906,0
286,907,0
287,908,0
288,909,0
289,910,0
290,911,0
291,912,0
292,913,0
293,914,0
294,915,0
295,916,0
296,917,0
297,918,0
298,919,0
299,920,0
300,921,0
301,922,0
302,923,0
303,924,0
304,925,0
305,926,0
306,927,0
307,928,0
308,929,0
309,930,0
310,931,0
311,932,0
312,933,0
313,934,0
314,935,0
315,936,0
316,937,0
317,938,0
318,939,0
319,940,0
320,941,0
321,942,0
322,943,0
323,944,0
324,945,0
325,946,0
326,947,0
327,948,0
328,949,0
329,950,0
330,951,0
331,952,0
332,953,0
333,954,0
334,955,0
335,956,0
336,957,0
337,958,0
338,959,0
339,960,0
340,961,0
341,962,0
342,963,0
343,964,0
344,965,0
345,966,0
346,967,0
347,968,0
348,969,0
349,970,0
350,971,0
351,972,0
352,973,0
353,974,0
354,975,0
355,976,0
356,977,0
357,978,0
358,979,0
359,980,0
360,981,0
361,982,0
362,983,0
363,984,0
364,985,0
365,986,0
366,987,0
367,988,0
368,989,0
369,990,0
370,991,0
371,992,0
372,993,0
373,994,0
374,995,0
375,996,0
376,997,0
377,998,0
378,999,0
379,1000,0
380,1001,0
381,1002,0
382,1003,0
383,1004,0
384,1005,0
385,1006,0
386,1007,0
387,1008,0
388,1009,0
389,1010,0
390,1011,0
391,1012,0
392,1013,0
393,1014,0
394,1015,0
395,1016,0
396,1017,0
397,1018,0
398,1019,0
399,1020,0
400,1021,0
401,1022,0
402,1023,0
403,1024,0
404,1025,0
405,1026,0
406,1027,0
407,1028,0
408,1029,0
409,1030,0
410,1031,0
411,1032,0
412,1033,0
413,1034,0
414,1035,0
415,1036,0
416,1037,0
417,1038,0
418,1039,0
419,1040,0
420,1041,0
421,1042,0
422,1043,0
423,1044,0
424,1045,0
425,1046,0
426,1047,0
427,1048,0
428,1049,0
429,1050,0
430,1051,0
431,1052,0
432,1053,0
